Start Date,End Date,Exposure Time (%),Final Account Balance,Equity Peak,Total Return (%),Annualized Return (%),Benchmark Return (%),Volatility (Annual %),Total Trades,Winning Trades,Losing Trades,Win Rate (%),Profit Factor,Sharpe Ratio,Sortino Ratio,Calmar Ratio,Max Drawdown (%),Average Drawdown (%),Max Drawdown ($),Average Drawdown ($),Max Drawdown Duration (days),Average Drawdown Duration (days),Stop Loss Points,Take Profit Points
2015-01-01,2024-12-24,0.24881730402425015,15988.218,16182.197,219.76436,12.357163,152.57272,6.171205898020434,8714,2346,6367,26.922194170300667,1.1648318218373066,1.5631497351452006,0.13462056837882688,21.26044897785898,-10.336769404511372,-2.4080204532265435,1250.1416015625,221.1719231939526,604.6159722222222,2.4440040179261318,3,10
2015-01-01,2024-12-24,0.23476886317275472,19121.754,19229.24,282.4351,14.390945,152.57272,5.973745736879961,8222,2109,6112,25.650693261980052,1.2012998410058726,1.8556355232495245,0.17617623632002513,22.850986017969216,-12.359864422884467,-2.4951778755742833,1176.5234375,235.37142950940836,648.025,2.0159306268618877,3,11
2015-01-01,2024-12-24,0.2226906304894568,20187.049,20247.586,303.74097,15.014256,152.57272,6.23319656459977,7799,1891,5907,24.24669829465316,1.216980817291232,1.8507089925568878,0.17493049187290796,24.948573752643455,-12.174682601432949,-2.229401054049429,806.064453125,201.1405359980334,638.0958333333333,1.9334221940373293,3,12
2015-01-01,2024-12-24,0.20955590936813998,20632.277,20917.861,312.64557,15.266026,152.57272,6.3455047459520255,7339,1685,5653,22.959531271290366,1.2285443733070136,1.8469372186520492,0.1778083540225729,25.146994823187992,-12.43272092931623,-2.186358099339986,847.3828125,196.39719024753933,644.9902777777778,1.855335980268303,3,13
2015-01-01,2024-12-24,0.19633552702211887,23827.79,24171.037,376.5558,16.941738,152.57272,6.284850109141547,6876,1535,5340,22.324025596276904,1.276792652321559,2.0493188895707517,0.19440535523972263,38.2497771779389,-9.844653065064033,-1.8269352874524776,727.8857421875,180.95535902663332,623.5381944444445,1.5282663913913914,3,14
2015-01-01,2024-12-24,0.18916853788853077,23608.926,23960.703,372.1785,16.833628,152.57272,6.353273484599985,6625,1402,5222,21.162264150943397,1.278457448484614,2.0193758117434837,0.19577944250826773,40.01863806282582,-9.300129023135792,-1.5757557408864575,642.32421875,160.4531147368674,622.6222222222223,1.5314203176753989,3,15
2015-01-01,2024-12-24,0.18048820045183442,25296.848,25638.672,405.93695,17.64511,152.57272,6.420411997234381,6321,1294,5026,20.471444391710172,1.3084039460680352,2.0860418464160375,0.20715791364032526,40.815323534867396,-9.945699691362561,-1.7182881728284947,693.740234375,172.60784997183856,596.7020833333333,1.475285126074916,3,16
2015-01-01,2024-12-24,0.17326410383511015,26075.654,26351.596,421.5131,18.003214,152.57272,6.678976291040198,6068,1196,4871,19.70995385629532,1.3263908908018096,2.044561750224905,0.2073395481277154,30.629589611901284,-13.761630416270238,-2.4019889513196317,982.40234375,222.06399693954447,647.0055555555556,1.5014693648726853,3,17
2015-01-01,2024-12-24,0.166439759600339,25540.38,25693.686,410.80762,17.758142,152.57272,7.227106763131405,5829,1097,4731,18.819694630296794,1.3268229966211365,1.8689660741687912,0.18377778480685222,28.74346565558919,-14.292208953154475,-2.702008332351089,956.318359375,230.81085627832672,647.0736111111111,1.6041474552784076,3,18
2015-01-01,2024-12-24,0.16058624257888257,25664.473,25842.146,413.28946,17.815363,152.57272,7.605440545152985,5624,1018,4605,18.100995732574678,1.3357250706992925,1.7857556648048654,0.17418028269386382,22.81838097258477,-18.11212897729527,-3.1276879973494904,1181.357421875,255.01486313239306,647.1118055555555,1.6014039855072462,3,19
2015-01-01,2024-12-24,0.15533235413035584,27073.242,27133.486,441.46484,18.448114,152.57272,7.673627273803962,5440,960,4479,17.647058823529413,1.3636663522426113,1.8265949563831299,0.17955529782716367,29.05438141669149,-15.194432723196174,-2.7064253423282656,1003.955078125,236.3964950842591,647.06875,1.571101305012828,3,20
2015-01-01,2024-12-24,0.14965015955830788,26704.684,26744.928,434.09366,18.285488,152.57272,7.860580611887645,5241,890,4350,16.981492081663806,1.36721559798323,1.770843247291708,0.1752031395993394,29.21062533296066,-14.860813608034723,-2.877991966342357,966.474609375,243.78015392553795,647.0694444444445,1.5831705582996556,3,21
2015-01-01,2024-12-24,0.14462470104232578,28388.164,28457.123,467.76328,19.012524,152.57272,7.907219627833877,5065,845,4219,16.683119447186577,1.4025038604445021,1.823582256357951,0.18426316775330734,29.631085412738617,-15.786234916166439,-2.8933784262168385,971.474609375,247.71329854775462,644.0743055555556,1.558227229111308,3,22
2015-01-01,2024-12-24,0.1385427540883247,30742.81,30840.578,514.8562,19.966877,152.57272,7.854978084591665,4852,804,4047,16.570486397361915,1.4547618375494775,1.91705712749796,0.19631766392112285,34.29178169218879,-15.013982236133048,-2.8220259021748713,915.908203125,242.70406063884334,733.7381944444444,1.3847167041892907,3,23
2015-01-01,2024-12-24,0.13608713231346983,29949.28,30032.047,498.98557,19.652832,152.57272,8.131976921491434,4766,758,4007,15.90432228283676,1.445773970153253,1.8283467551270483,0.1872598412613611,29.967307841020183,-16.65099740799939,-2.707538506459569,896.787109375,235.42887243134578,622.5881944444444,1.4110554430949167,3,24
2015-01-01,2024-12-24,0.13131865747160043,30431.879,30575.135,508.63757,19.8447,152.57272,8.188552243539537,4599,715,3883,15.546858012611436,1.4662504816417596,1.8321383541530067,0.18660905148513113,31.901197565880953,-15.944152948859413,-2.8945567300547355,926.806640625,246.0131766186221,784.1479166666667,1.4172444694797213,3,25
2015-01-01,2024-12-24,0.12772088603402235,31123.043,31236.441,522.4608,20.11478,152.57272,8.199817355633666,4473,681,3791,15.224681421864519,1.48791959882616,1.8520396232406118,0.18540808465809583,37.807698095184655,-13.81890042906977,-2.5780078293891187,800.3125,234.74285271892734,622.8902777777778,1.3626025080483772,3,26
2015-01-01,2024-12-24,0.12480840439407818,32284.453,32367.148,545.6891,20.556677,152.57272,8.233937889355163,4371,655,3715,14.985129261038663,1.5168272005748618,1.8808546288672472,0.18669602763251197,41.105799543261575,-13.27523349447941,-2.3344748124571635,738.26171875,214.9793020415844,453.59583333333336,1.2679050116550117,3,27
2015-01-01,2024-12-24,0.12229567513608713,33732.652,33799.926,574.6531,21.088087,152.57272,8.238586105082197,4283,634,3648,14.802708381975252,1.5507931615859,1.9230994365164014,0.18714616025089156,42.24777986028727,-13.601970992848466,-2.643626719013498,864.521484375,234.88561489753494,737.0798611111111,1.2411163709261244,3,28
2015-01-01,2024-12-24,0.11964017717025568,34092.848,34231.598,581.857,21.217072,152.57272,8.224844257490828,4190,607,3582,14.48687350835322,1.5663511683820546,1.9402963251116636,0.1920001635624381,38.27109713504201,-15.20356190928592,-2.5796767955307907,984.560546875,233.94398977739124,783.5638888888889,1.23521054964539,3,29
2015-01-01,2024-12-24,0.19673527940407198,29622.715,29661.312,492.45428,19.521416,152.57272,5.681106027873965,6890,2442,4447,35.44267053701016,1.3150460058022795,2.5732107747422246,0.260719516398638,51.59396919310451,-9.544803246767547,-1.3751561397622751,656.0546875,132.71966354809626,444.49444444444447,1.1609545936592989,4,10
2015-01-01,2024-12-24,0.18471415420391027,31499.955,31582.863,529.9991,20.259785,152.57272,5.650483311316782,6469,2185,4283,33.7764724068635,1.3454076726526607,2.6744540350318764,0.2752453854101928,58.542358088584166,-9.053258218103906,-1.4575835277562652,643.505859375,141.07822215992422,544.0006944444444,1.0846476142967165,4,11
2015-01-01,2024-12-24,0.17229327662179542,34062.457,34132.355,581.24915,21.206236,152.57272,5.763080105530788,6034,1965,4068,32.56546237984753,1.3910192268523456,2.734308924572279,0.2692730543755697,62.92163853041101,-9.237667026533101,-1.6389447903977266,677.255859375,157.03087176308085,579.9666666666667,1.037298407418607,4,12
2015-01-01,2024-12-24,0.16175694598317386,34129.395,34169.324,582.5879,21.23009,152.57272,6.019039156207326,5665,1758,3906,31.032656663724623,1.4052348343825392,2.6223685312165887,0.2569425085784395,58.75647819637152,-9.915296295974688,-1.5792023400814519,724.814453125,154.6900140277526,523.8805555555556,1.0407813969501545,4,13
2015-01-01,2024-12-24,0.1535049146699987,35197.24,35239.645,603.94476,21.605038,152.57272,6.178277853158503,5376,1604,3771,29.836309523809522,1.4311772736132604,2.596814506759647,0.2554975269823067,65.04128315362493,-9.285560399494274,-1.512465177634397,688.173828125,153.9793754217788,500.80347222222224,1.0184257055985195,4,14
2015-01-01,2024-12-24,0.14725164526658915,35233.75,35261.156,604.675,21.617676,152.57272,6.107995735245699,5157,1471,3685,28.524335854178783,1.439934243428915,2.626852239173057,0.26474906684567223,74.21045056670121,-8.148110989428368,-1.2532112409093854,610.693359375,137.5578711506637,488.65069444444447,0.9951743464526319,4,15
2015-01-01,2024-12-24,0.13979911871732023,35931.883,35986.773,618.63763,21.857082,152.57272,6.461566711755366,4896,1349,3546,27.553104575163403,1.464521053442561,2.5110997227042713,0.25346352243658005,82.19446313022627,-7.5265122578536,-1.2949032563229221,550.830078125,139.35748023910583,493.4916666666667,1.007019436226167,4,16
2015-01-01,2024-12-24,0.1361156860550379,35966.824,35980.473,619.3365,21.868956,152.57272,6.782409378149028,4767,1259,3507,26.410740507656804,1.4690642577712214,2.3967417953667742,0.23828291920987982,55.558891102334606,-11.147387475312327,-2.1166171308581303,825.41015625,199.31856326245256,644.0465277777778,1.0535412419300034,4,17
2015-01-01,2024-12-24,0.13166130237041743,35675.26,35687.76,613.50525,21.769571,152.57272,7.277723500560876,4611,1169,3441,25.352418130557364,1.4725888130085978,2.2292863415138457,0.21920909309903497,46.18493827351471,-13.28366502062122,-2.4650894133763996,911.689453125,212.57096736469293,642.0631944444444,1.103815268987342,4,18
2015-01-01,2024-12-24,0.12586489283209715,36631.62,36669.12,632.6324,22.092878,152.57272,7.543797883286923,4408,1089,3318,24.70508166969147,1.5022519617276833,2.182432519307618,0.21454676416625917,43.99561520073413,-14.379441732260398,-2.6604311629177078,982.724609375,226.99693592003672,702.5576388888888,1.0987077617202499,4,19
2015-01-01,2024-12-24,0.12238133636079138,36028.06,36051.81,620.56116,21.889734,152.57272,7.736916030964832,4286,1017,3268,23.728418105459635,1.4998547638447166,2.1119965023639358,0.20940595558895259,56.34299005177694,-11.013990500970783,-2.3206522408385566,797.20703125,212.73782927672752,685.5770833333333,1.1158930273189327,4,20
2015-01-01,2024-12-24,0.11687046423815191,36962.094,36985.844,639.2419,22.202837,152.57272,7.92183502027613,4093,951,3141,23.234791106767652,1.5326436246480513,2.0907514558444134,0.20937271665684115,49.219365976597054,-12.987609036413982,-2.524672391612534,849.970703125,220.7901773641791,627.0493055555555,1.091236834355403,4,21
2015-01-01,2024-12-24,0.11312992409273342,37999.27,38039.223,659.9854,22.542286,152.57272,7.886986232535159,3962,901,3060,22.741039878849065,1.5618977310291353,2.1281303445044335,0.21427676188849368,52.77869553579779,-12.504769318332492,-2.39911664547356,834.638671875,213.83016225840626,585.4236111111111,1.0615016170544211,4,22
2015-01-01,2024-12-24,0.1085613254418406,38342.668,38355.05,666.8534,22.65284,152.57272,7.8103660033878946,3802,845,2956,22.225144660704892,1.5856731864540499,2.1572577627269127,0.2165486569414119,49.29267040444775,-13.528449322853412,-2.4110200835936144,813.125,214.7677250313307,643.3027777777778,1.0563680555555557,4,23
2015-01-01,2024-12-24,0.1057059512850326,38951.3,38961.3,679.026,22.846603,152.57272,7.853040720530356,3702,804,2897,21.71799027552674,1.606757883674828,2.162250595769465,0.21821141227058471,52.02885240501771,-13.050950954879731,-2.051497290450157,698.1640625,190.55873319149651,601.6527777777778,1.011958626619098,4,24
2015-01-01,2024-12-24,0.10196541113961409,38358.58,38368.58,667.1716,22.657944,152.57272,8.337590988577311,3571,753,2817,21.08653038364604,1.6123896193496876,2.026321888665269,0.19779986482901157,51.833362340900564,-12.871470028055047,-2.40435127703553,758.49609375,210.5281710428869,703.0972222222222,1.0593695086509867,4,25
2015-01-01,2024-12-24,0.09993809548828039,38381.64,38394.14,667.6328,22.665321,152.57272,8.385586818100531,3500,718,2781,20.514285714285716,1.6199512300462384,2.0158230355889892,0.2000308821876994,54.01784440364916,-12.359486385852492,-2.3412177574690776,800.56640625,209.2028826901162,543.8652777777778,1.05847757554128,4,26
2015-01-01,2024-12-24,0.09788222609537864,39625.605,39638.105,692.51215,23.058128,152.57272,8.424819928210256,3428,693,2734,20.215869311551927,1.6518883803551225,2.0375839837237266,0.20231650670337495,47.755764557532345,-14.50112153815086,-2.326779059514651,824.775390625,207.0959476435921,673.1020833333333,1.011162167219944,4,27
2015-01-01,2024-12-24,0.09634032405070231,40077.61,40090.11,701.5522,23.198105,152.57272,8.31732323270419,3374,667,2706,19.76882039122703,1.6661336605349422,2.0739130948630256,0.20515612208820475,49.69324243056847,-14.117657668219262,-2.506665797051037,904.775390625,221.1210628140812,677.2659722222222,0.9847801421815989,4,28
2015-01-01,2024-12-24,0.09354205737703046,40873.883,41012.633,717.47766,23.441278,152.57272,8.154897872334207,3276,639,2636,19.505494505494507,1.6973594622319979,2.1362415261207035,0.21487073829247888,52.3794836174761,-13.697684886939786,-2.204108435295758,829.775390625,205.2688716879209,647.0423611111111,0.9481603246733376,4,29
2015-01-01,2024-12-24,0.16958067117282782,35564.367,35601.867,611.28735,21.731579,152.57272,5.9240958371719685,5939,2485,3453,41.84206095302239,1.3870808313476224,2.7203887208624926,0.2718139883739086,69.168374515527,-8.837671230489917,-1.1253688371984452,619.169921875,117.19534334743709,338.8888888888889,0.9759184524371439,5,10
2015-01-01,2024-12-24,0.15698847114130446,37959.918,37998.598,659.19836,22.529566,152.57272,6.122563474943948,5498,2215,3282,40.28737722808294,1.4325019637338121,2.7200833029235794,0.2648762815003812,84.04630662537322,-7.843275816938794,-1.1784380775953573,531.103515625,120.00387324177551,489.6645833333333,0.9094597535782794,5,11
2015-01-01,2024-12-24,0.1474800751991338,39072.516,39116.266,681.4503,22.884869,152.57272,6.05814701687875,5165,1995,3169,38.62536302032914,1.4590887948014952,2.787771188989485,0.2742583946338304,81.49035269322582,-8.362343453686641,-1.3329842247487782,593.61328125,134.79584673868752,505.05833333333334,0.9069091337099812,5,12
2015-01-01,2024-12-24,0.13894250647027784,40152.996,40176.746,703.05994,23.221313,152.57272,6.169278955637186,4866,1809,3056,37.17632552404439,1.4875001943482962,2.7738534835969246,0.28070252912494037,103.89215572794954,-6.767209050551033,-1.1281663409498637,560.26953125,124.3408226236219,241.88541666666666,0.9097765796947107,5,13
2015-01-01,2024-12-24,0.1320896084939386,39820.79,39844.54,696.4158,23.118746,152.57272,6.433673133613105,4626,1644,2981,35.53826199740597,1.493464747830936,2.6519308245109072,0.26754895097776554,95.8918515319139,-7.262512511322194,-1.1292066822700693,603.99609375,124.70734905913092,179.21805555555557,0.9053376045872096,5,14
2015-01-01,2024-12-24,0.1260647690230737,40577.133,40587.133,711.54266,23.351156,152.57272,6.338423283275256,4415,1514,2900,34.292185730464325,1.5156708411110689,2.7144983507617266,0.27472955799405757,103.19055612328901,-6.895424254949152,-1.0618660564397182,520.91015625,124.28145998437155,149.56666666666666,0.8623220409253168,5,15
2015-01-01,2024-12-24,0.12029691322632152,42316.996,42329.496,746.33997,23.871338,152.57272,6.475509985206257,4213,1408,2804,33.420365535248045,1.555810096088669,2.711131118115056,0.27069058835213017,109.16838564230915,-6.836594325629214,-1.0915224490855306,533.14453125,126.30441300239629,196.38472222222222,0.8316508776246719,5,16
2015-01-01,2024-12-24,0.1155855458675883,42466.555,42479.055,749.3311,23.915148,152.57272,6.717734050612469,4048,1306,2741,32.262845849802375,1.569258568502774,2.619987825634157,0.26263205260726213,95.02079418010526,-7.885969825745211,-1.3271984913285748,590.5078125,142.1327322568055,534.3444444444444,0.8594552891455353,5,17
2015-01-01,2024-12-24,0.11181645198060172,42570.35,42582.85,751.40704,23.945475,152.57272,7.338423203746178,3916,1220,2695,31.15423901940756,1.5792913565792168,2.406975281415659,0.23860400080800226,69.6563195748598,-10.787349203104142,-1.8181055327536768,674.091796875,167.47565853403086,596.8513888888889,0.8714192269921437,5,18
2015-01-01,2024-12-24,0.10779037441950243,41810.1,41847.6,736.202,23.721802,152.57272,7.640748677622177,3775,1132,2642,29.986754966887418,1.5783904127106603,2.296137666788518,0.2254503674960425,53.75049231831632,-13.696656432601923,-2.1201092143581213,726.89453125,186.47629419083216,639.4409722222222,0.9011960681976338,5,19
2015-01-01,2024-12-24,0.10433537168976476,43019.95,43043.7,760.399,24.076069,152.57272,7.621209447446317,3654,1071,2582,29.310344827586203,1.6089889950285041,2.3318671024819624,0.231760031853183,58.00845823613687,-13.108415736909022,-1.7011396030317256,699.2578125,167.50976617786395,284.71736111111113,0.8872322344792201,5,20
2015-01-01,2024-12-24,0.1000808641961208,42534.645,42558.395,750.6929,23.935055,152.57272,7.919304811054263,3505,996,2508,28.416547788873036,1.61796807373173,2.235382603474745,0.22329338861698536,42.5942893194681,-17.624260976943663,-1.9042099543411752,945.68359375,177.70739725252415,385.02916666666664,0.9165489953814021,5,21
2015-01-01,2024-12-24,0.09779656487067438,42188.977,42212.727,743.77954,23.833729,152.57272,7.923567552615027,3425,941,2483,27.474452554744527,1.6179744989410316,2.2258529163499827,0.22580287768832913,44.869133614343525,-16.57664147047086,-1.8079873516030316,894.443359375,173.1335506145773,291.34375,0.9130370002939447,5,22
2015-01-01,2024-12-24,0.09379904105114317,42587.715,42597.715,751.7543,23.95054,152.57272,8.053935487215004,3285,884,2400,26.910197869101975,1.6444170286869344,2.2002781052461318,0.2214915935184171,40.536710934765175,-18.545023883923857,-1.9895273171511234,985.556640625,185.11845878350724,291.34236111111113,0.9240135858317072,5,23
2015-01-01,2024-12-24,0.09085800566963093,43040.234,43050.234,760.8047,24.081934,152.57272,8.085534975922938,3182,838,2343,26.33563796354494,1.6665722838661947,2.20261236970733,0.22050592532606378,41.73253934389042,-18.230491109843776,-1.9994685463249044,969.296875,189.92225256203753,257.80347222222224,0.8995482144917504,5,24
2015-01-01,2024-12-24,0.08808829273752716,43325.363,43335.363,766.50726,24.164082,152.57272,8.421288274935156,3085,795,2289,25.76985413290113,1.6861365369485966,2.124426345188385,0.2079668210508319,43.51062732369097,-17.616552790224667,-2.1543868956238312,939.296875,195.74034872364456,269.33472222222224,0.9006280904595696,5,25
2015-01-01,2024-12-24,0.08663205191755508,43213.47,43225.97,764.26935,24.131893,152.57272,8.359256638743194,3034,760,2273,25.049439683586026,1.6885043355918765,2.1370816599768108,0.21771611248102077,45.56453497968518,-16.77333804647142,-1.9680401312706917,894.345703125,187.6990764434329,269.6423611111111,0.8897182992139586,5,26
2015-01-01,2024-12-24,0.08383378524388321,43664.953,43677.453,773.2991,24.261284,152.57272,8.67522743642477,2936,723,2212,24.62534059945504,1.7143863001842492,2.072087902491298,0.20261011048049077,40.365182403965655,-19.15757656008146,-2.402892016851008,1024.345703125,208.99279149976522,380.9923611111111,0.8832753585845573,5,27
2015-01-01,2024-12-24,0.08232043694077497,43555.8,43568.3,771.116,24.23011,152.57272,8.809749112887918,2883,692,2190,24.002774887270203,1.7190294436685396,2.0394737999574577,0.1947689349162837,41.37391312162768,-18.637734979651714,-2.3264410622804257,999.345703125,207.14950345859137,363.0416666666667,0.8904576520460248,5,28
2015-01-01,2024-12-24,0.07989336890748816,44656.26,44795.01,793.12524,24.541199,152.57272,8.677672649364142,2798,665,2132,23.76697641172266,1.7577712523412947,2.0951711207924886,0.2051052878608115,43.67421533289275,-18.16003420085012,-2.0917641351558447,976.923828125,196.13962957842614,245.00555555555556,0.8576413353464183,5,29
2015-01-01,2024-12-24,0.15044966432221413,40347.688,40413.85,706.95374,23.281075,152.57272,5.975619579020343,5269,2499,2769,47.428354526475616,1.455422877093033,2.8683993544000304,0.26849692684291776,68.54641442695907,-10.313504233031335,-1.3847968167306266,761.4453125,138.1897331079867,434.0215277777778,0.8435962548369265,6,10
2015-01-01,2024-12-24,0.13982767245888833,42108.64,42199.836,742.1728,23.810078,152.57272,6.288900007557838,4897,2236,2660,45.66060853583827,1.4928775120647517,2.7841070714362015,0.2567170526380557,83.504079093107,-8.887862707878277,-1.322276792319027,637.177734375,134.40588754863538,446.6013888888889,0.828262741046832,6,11
2015-01-01,2024-12-24,0.1319468397860982,40401.39,40453.844,708.0278,23.297512,152.57272,6.594992409609408,4621,1997,2623,43.215754165764984,1.476436513390101,2.607144352635856,0.23371798950075376,59.91361116270421,-11.817477819411359,-1.8734583643021454,821.875,171.24098288574834,592.2305555555556,0.9036583429347986,6,12
2015-01-01,2024-12-24,0.12460852820310163,41979.836,42013.54,739.5967,23.77206,152.57272,6.580149056801689,4364,1824,2539,41.79651695692026,1.5104553391872626,2.659522577693229,0.2515231768836379,74.38759490260418,-9.942473347281295,-1.5739175171835016,698.671875,155.33575699269645,475.25416666666666,0.8502635783862235,6,13
2015-01-01,2024-12-24,0.11798406015930704,42647.32,42671.07,752.9464,23.967922,152.57272,6.81207171083099,4132,1667,2464,40.34365924491772,1.5329358338325851,2.5900294676990225,0.24575144398845494,70.9467827213653,-10.612833764286624,-1.5708118097383805,769.375,159.1057294817731,513.88125,0.8462536322125362,6,14
2015-01-01,2024-12-24,0.11255884926137182,43267.82,43281.523,765.3564,24.147533,152.57272,6.601598579104541,3942,1537,2404,38.990360223236934,1.553067615442298,2.687928890033842,0.25792381514260604,89.04583274517933,-8.595083685359524,-1.1301430995114077,641.89453125,131.73105869133673,351.62847222222223,0.8114387139002432,6,15
2015-01-01,2024-12-24,0.10693376217246002,45116.684,45117.305,802.3336,24.669313,152.57272,6.704894827532561,3745,1428,2316,38.13084112149533,1.5984370360146982,2.6978389773804565,0.25508956959657203,115.35069123477783,-6.955603036058458,-1.1879460706600298,589.8046875,136.7587451138755,251.98055555555555,0.7897616541939507,6,16
2015-01-01,2024-12-24,0.10276491590352033,45662.734,45675.234,813.25464,24.819733,152.57272,6.821654991056045,3599,1331,2267,36.98249513753821,1.6179341580590088,2.6675290419257744,0.25954520220907684,77.53194642120269,-10.489284433203316,-1.6666393971660305,838.14453125,177.68473692813043,622.5520833333334,0.798826808527314,6,17
2015-01-01,2024-12-24,0.10002375671298465,44516.914,44616.23,790.33826,24.502193,152.57272,7.628103399231066,3503,1241,2261,35.42677704824436,1.6021617451538763,2.3676876927664225,0.22271260616736074,52.11350831742541,-15.16570813121919,-2.617808716243326,1090.44921875,228.39646856956855,680.0354166666667,0.8544624036167972,6,18
2015-01-01,2024-12-24,0.09619755534286191,45032.85,45070.35,800.657,24.646069,152.57272,7.776211671086172,3369,1162,2206,34.49094686850698,1.623586315017694,2.3350300357636016,0.21929843529461995,54.16225536233598,-14.782563559541979,-2.6865894032923965,1042.939453125,231.7861412223915,683.7125,0.8393143846780766,6,19
2015-01-01,2024-12-24,0.09339928866919006,45194.53,45221.363,803.8906,24.690855,152.57272,7.52571882887791,3271,1095,2175,33.47600122286762,1.6339871620220061,2.4137690180963243,0.22894822155269698,67.01534286139137,-11.995620565020408,-1.8954044695576666,785.576171875,186.1835641029362,581.43125,0.843543093607306,6,20
2015-01-01,2024-12-24,0.0903154845798374,45133.355,45157.105,802.6671,24.673927,152.57272,7.712105081148457,3163,1029,2133,32.532405943724314,1.6445103159481989,2.3557959260816013,0.23060354944241424,59.28681720346062,-13.53871150652628,-2.034344120931574,737.861328125,198.775086179642,602.38125,0.8428829195495863,6,21
2015-01-01,2024-12-24,0.08780275532184635,44767.49,44794.957,795.3498,24.572254,152.57272,7.979444901772667,3075,970,2104,31.54471544715447,1.6468676879947441,2.2711856047560457,0.22183247227153016,66.23508449765731,-12.007983359764562,-1.9366926386462497,708.26171875,191.2448195801201,453.64166666666665,0.8802537461125246,6,22
2015-01-01,2024-12-24,0.08440486007524482,45070.184,45091.418,801.4037,24.656427,152.57272,8.013345674403707,2956,913,2042,30.886332882273344,1.6701670956641563,2.268477742355721,0.22055668934526296,54.824694333707804,-14.617567799748068,-2.1452192169635698,776.8359375,204.10719131698673,454.18541666666664,0.873553400563506,6,23
2015-01-01,2024-12-24,0.08212056074979841,45534.215,45550.45,810.6843,24.784481,152.57272,8.07356946964315,2876,869,2006,30.21557719054242,1.688943860285237,2.262451146148023,0.22110276844915996,59.709350080009806,-13.577175519170245,-1.9575276763768623,725.78125,194.39999961006723,269.44930555555555,0.8599454857663027,6,24
2015-01-01,2024-12-24,0.07892254169417344,44388.098,44399.332,787.76196,24.466038,152.57272,8.421006326112492,2764,811,1952,29.34153400868307,1.6876655507459224,2.1479054554241634,0.2058014426360913,52.13549382430874,-15.10989740588824,-2.1880508118061113,805.64453125,205.75765476043165,419.25069444444443,0.8980830233295846,6,25
2015-01-01,2024-12-24,0.07712365597538438,43531.285,43543.785,770.6257,24.2231,152.57272,8.61068717714304,2701,768,1932,28.433913365420217,1.6796394362376048,2.084102146038714,0.20215295527446814,54.84393324826521,-14.051247343954762,-2.1405247956604474,748.14453125,205.8582467701783,389.6402777777778,0.9086544658288659,6,26
2015-01-01,2024-12-24,0.07561030767227614,44076.94,44089.44,781.5388,24.3783,152.57272,9.10616932239325,2648,738,1909,27.870090634441087,1.6966016604183345,1.9866313004257001,0.18414283813086374,47.74742400041057,-16.36818812157604,-2.3778824367146694,873.14453125,211.09663578862344,374.1430555555556,0.9013531922953639,6,27
2015-01-01,2024-12-24,0.07412551311073598,45821.465,45833.965,816.4293,24.86316,152.57272,8.806853573904364,2596,717,1878,27.619414483821263,1.737876236896542,2.0869022733258493,0.19477264518688284,50.30746540649257,-16.228790591857088,-2.1158186033943323,866.93359375,202.86598419741063,354.0486111111111,0.8580764673079603,6,28
2015-01-01,2024-12-24,0.07155567636960877,47492.812,47631.562,849.85626,25.31234,152.57272,8.886266414300385,2506,690,1815,27.53391859537111,1.7925625347716327,2.104196795389361,0.19497203356921947,43.642160943827555,-19.473285552951726,-2.1063316916041317,1043.173828125,203.15385804427973,220.6798611111111,0.8031336332780803,6,29
2015-01-01,2024-12-24,0.13902816769498208,41423.25,41500.688,728.46497,23.606586,152.57272,6.110650502031448,4869,2504,2364,51.427397822961595,1.4683988821455225,2.8417423277122142,0.27156880687117513,66.69712658573692,-10.921984245961408,-1.4209284384877148,819.27734375,146.35084192199108,496.8722222222222,0.8110369097389719,7,10
2015-01-01,2024-12-24,0.12960543297751564,42682.35,42798.547,753.64703,23.978127,152.57272,6.536400688032364,4539,2246,2292,49.48226481603877,1.4960305020789688,2.697917719686052,0.2474134454631923,58.94635664415474,-12.785303055131902,-1.7287392805901798,918.115234375,166.739972526946,623.0659722222222,0.8256079983759643,7,11
2015-01-01,2024-12-24,0.12203869146197441,41096.14,41204.836,721.92285,23.508394,152.57272,6.618515257938169,4274,2010,2263,47.0285446888161,1.4806683813740396,2.618406647414855,0.2470906234572438,61.01065320827951,-11.83273434391833,-1.9147151335847823,866.9921875,184.14984418207456,587.1222222222223,0.853187254489338,7,12
2015-01-01,2024-12-24,0.1154427771597479,41317.742,41371.445,726.35486,23.574997,152.57272,6.854386322705825,4043,1828,2214,45.213950037101164,1.4922982392716753,2.5369446607515425,0.24502581676655882,75.58307462930782,-9.610019994036982,-1.5196533454089711,747.12109375,161.36354535124124,475.73819444444445,0.8581678043472116,7,13
2015-01-01,2024-12-24,0.11050297986847005,42657.06,42700.76,753.1412,23.970758,152.57272,7.102826556691327,3870,1694,2175,43.77260981912145,1.5170312283759233,2.487105863377815,0.2370562561133161,61.927173763575354,-12.161723659337943,-1.8289922067202133,891.23046875,177.06569374719814,531.5847222222222,0.8590036201439655,7,14
2015-01-01,2024-12-24,0.10493500026269441,43563.62,43597.938,771.2724,24.232351,152.57272,7.072370255071936,3675,1561,2113,42.47619047619048,1.5426438136662706,2.521354922757468,0.23582134843695424,76.64974221614587,-10.06229607044757,-1.6501542481091098,734.98046875,165.96888428609478,534.4319444444444,0.8236854255978862,7,15
2015-01-01,2024-12-24,0.09945268188162304,44756.445,44780.76,795.1289,24.569178,152.57272,7.224206139126505,3483,1443,2039,41.42980189491817,1.5771256053212142,2.499862667416375,0.2292029205233771,92.78971129659418,-8.569149479390449,-1.374847552527433,591.0546875,147.7730144518026,259.7395833333333,0.78606997564262,7,16
2015-01-01,2024-12-24,0.09545515806209182,45644.992,45659.31,812.8999,24.814869,152.57272,7.309684809838317,3343,1348,1994,40.32306311696081,1.6014387872824907,2.4936795585447915,0.23566988068678757,67.36762326970036,-12.066625819488639,-2.1398074624071057,935.654296875,212.4190006632231,655.2125,0.8075214182153684,7,17
2015-01-01,2024-12-24,0.09345639615232622,45921.824,45934.324,818.4365,24.890541,152.57272,7.610175892517379,3273,1276,1996,38.985640085548425,1.6041189610449929,2.404608057316726,0.22192033959059837,58.82341452286866,-13.913448072949217,-2.416802867583782,930.576171875,222.80408140958173,672.8104166666667,0.804491732726369,7,18
2015-01-01,2024-12-24,0.08983007097318005,45074.39,45126.223,801.48785,24.657595,152.57272,7.952682411951869,3146,1185,1960,37.666878575969484,1.6019477148097723,2.285891145238628,0.21459503269353714,60.78514810909409,-13.185586922737059,-2.626678554282821,940.576171875,236.60811267810251,679.5881944444444,0.8417433914395613,7,19
2015-01-01,2024-12-24,0.08740300293989323,45709.668,45756.5,814.19336,24.832582,152.57272,7.808251127338722,3061,1123,1937,36.68735707285201,1.6175406880779033,2.3409644912255856,0.22101865401308252,66.74308166996695,-12.198917685596928,-1.9736826025353746,795.615234375,198.2906288516906,582.5902777777778,0.8421235111763745,7,20
2015-01-01,2024-12-24,0.0838623389854513,46438.152,46466.887,828.763,25.03059,152.57272,7.920373999117561,2937,1056,1880,35.95505617977528,1.6459985485811774,2.325152397090433,0.21872418302698007,58.48442019670077,-14.170662848343216,-2.3174030372317898,805.9375,224.65843296349163,674.1548611111111,0.8334789695900807,7,21
2015-01-01,2024-12-24,0.0816922546262772,45772.598,45815.066,815.4519,24.849808,152.57272,8.086720226007706,2861,996,1864,34.81300244669696,1.640806759283075,2.2644723723085627,0.2100943696200088,66.8303043674396,-12.201828377339718,-1.9659858136602888,810.91796875,197.14790110045212,587.2645833333333,0.8447388983601235,7,22
2015-01-01,2024-12-24,0.07903675666044577,45573.133,45599.367,811.4627,24.795162,152.57272,8.163199362241667,2768,939,1828,33.92341040462428,1.6494744034339865,2.239379118361912,0.20955104956821732,59.73130561169181,-13.585216315122626,-1.979655237003426,857.060546875,196.16017792427476,461.88402777777776,0.8434770683574294,7,23
2015-01-01,2024-12-24,0.07666679611029512,45835.953,45857.188,816.71906,24.867117,152.57272,8.197459409836036,2685,891,1793,33.18435754189944,1.665463337872612,2.2360390677229125,0.21060001313483134,63.00961408768381,-12.961816494213721,-1.834302237847645,827.060546875,189.57719336377144,266.1041666666667,0.8310636043815463,7,24
2015-01-01,2024-12-24,0.07415406685230407,44200.113,44216.348,784.00226,24.413097,152.57272,8.48558986541144,2597,833,1763,32.075471698113205,1.6498684962392682,2.128143854286638,0.1976129667174239,53.737506702569036,-14.589479609468006,-2.061843145461591,797.060546875,207.16817225478584,419.27708333333334,0.8766100966551132,7,25
2015-01-01,2024-12-24,0.07198398249312997,44189.434,44201.934,783.7887,24.41008,152.57272,8.645437166972377,2521,791,1729,31.376437921459736,1.6617081553779633,2.0901647374944363,0.19755721337691556,53.2087063188684,-14.730459552840552,-2.0638340794608223,793.349609375,208.6948663526836,375.5840277777778,0.8785554218732411,7,26
2015-01-01,2024-12-24,0.0703564192237494,45109.984,45122.484,802.19965,24.667454,152.57272,9.165906265244251,2464,761,1702,30.884740259740262,1.686808774403601,1.9947911535878382,0.1813236573595134,46.825594530761215,-17.13164892053006,-2.5632076846758793,924.599609375,233.600299397037,486.80833333333334,0.8569273552075565,7,27
2015-01-01,2024-12-24,0.0686431947296646,46539.355,46551.855,830.7871,25.057865,152.57272,8.890106389385629,2404,735,1668,30.57404326123128,1.724240596194614,2.0823924817125996,0.18769129648955452,49.68171669073125,-16.72219006735719,-2.2688317729265166,907.099609375,223.804875381986,453.8048611111111,0.8238817217265495,7,28
2015-01-01,2024-12-24,0.0669299702355798,47348.65,47487.4,846.97296,25.274158,152.57272,8.974404858380556,2344,707,1636,30.162116040955635,1.7516577887662907,2.0816902573345586,0.1834300839117809,40.59344442454574,-20.86477197075792,-2.223473849547112,1137.03125,218.6968555127743,371.79375,0.7842756223296748,7,29
2015-01-01,2024-12-24,0.12963398671908372,42180.9,42249.61,743.618,23.831356,152.57272,6.446401466443113,4540,2493,2046,54.91189427312775,1.481248202950521,2.7198226576091646,0.2461410518014437,59.37046179345009,-12.525049637378249,-1.6166522258756129,926.8359375,159.10544028758525,558.3972222222222,0.8142040417472599,8,10
2015-01-01,2024-12-24,0.12186736901256592,43728.254,43813.13,774.56506,24.279331,152.57272,7.015004264904473,4268,2260,2007,52.95220243673852,1.5075105869682826,2.545750387396444,0.21871725026986719,57.983994274148834,-13.3582564149412,-1.7145574491456532,928.193359375,162.5528426138352,630.25,0.7748652988815027,8,11
2015-01-01,2024-12-24,0.11481459484525014,42414.594,42507.047,748.2919,23.899948,152.57272,7.048086611453161,4021,2032,1988,50.53469286247202,1.4941961634802146,2.49899950831326,0.218969809589018,55.41753170746384,-13.50280041462772,-1.8770960808995056,943.271484375,174.68442568528496,599.9965277777778,0.8315325670498085,8,12
2015-01-01,2024-12-24,0.10756194448695779,42364.74,42438.44,747.29474,23.885345,152.57272,7.273708197103318,3767,1835,1931,48.712503318290416,1.5061382602096058,2.4223397775941784,0.22149298893807895,81.7590527498774,-9.140207886895459,-1.6522761932792909,649.58984375,161.10775773295316,592.4986111111111,0.8567978552051541,8,13
2015-01-01,2024-12-24,0.10356442066742659,43563.203,43626.906,771.2641,24.232233,152.57272,7.644347299449343,3627,1710,1916,47.146401985111666,1.5243860869340238,2.3384589168561036,0.21103909068041465,65.28334585668794,-11.814101881576306,-2.1591071043270533,794.9609375,192.8479734639382,641.3409722222223,0.8506741166986352,8,14
2015-01-01,2024-12-24,0.0984818546683083,44388.84,44521.914,787.7768,24.46624,152.57272,7.648105178621231,3449,1579,1869,45.78138590895912,1.5469956017658042,2.358383752423694,0.21013181131207798,61.86167240201587,-12.734489124608967,-2.2535744489532434,887.5,203.24873791625342,644.2472222222223,0.8200056269879779,8,15
2015-01-01,2024-12-24,0.0933421811860539,45066.844,45116.16,801.33685,24.655497,152.57272,7.702851662475514,3269,1457,1811,44.57020495564393,1.5722162233511026,2.3567975622554904,0.21008027813504768,71.14822026372711,-11.262921968490652,-1.953204601067111,805.05859375,189.67202871593554,646.3881944444445,0.8075610445775118,8,16
2015-01-01,2024-12-24,0.09008705464729276,45428.086,45551.16,808.5617,24.755299,152.57272,7.915018612800222,3155,1364,1790,43.23296354992076,1.5829271883584082,2.3054459042359965,0.2057994590815203,44.1853534683579,-18.299315114045594,-2.9638172875529474,1356.943359375,268.8674514535962,672.3333333333334,0.8308181904221087,8,17
2015-01-01,2024-12-24,0.0877456478387102,45619.93,45649.246,812.3986,24.808002,152.57272,8.448989599373796,3073,1287,1785,41.88089814513505,1.5865024817010271,2.167485242398514,0.18807518177944565,43.743538594423974,-18.571854191718863,-3.285304255399813,1263.14453125,273.8289817748371,680.0444444444445,0.8184963087337757,8,18
2015-01-01,2024-12-24,0.08469039749092562,45397.508,45469.34,807.95013,24.746872,152.57272,8.753826602952817,2966,1205,1760,40.627107215104516,1.590795785787318,2.0909365442610923,0.18476292258226878,42.787645714953456,-18.882790131988514,-3.527712455591922,1278.14453125,288.86500368637087,687.9972222222223,0.8354622178872362,8,19
2015-01-01,2024-12-24,0.08214911449136648,45292.875,45359.707,805.8575,24.718021,152.57272,8.417734793936834,2877,1135,1741,39.4508168230796,1.5949833843185133,2.168500088864673,0.19317233602273695,50.53445318832724,-15.946694424632623,-2.6009522191330694,848.271484375,235.03959495609922,667.85,0.8216976968007433,8,20
2015-01-01,2024-12-24,0.07929374033455848,44506.87,44558.266,790.13745,24.49938,152.57272,8.671918164914018,2777,1062,1714,38.24270795822831,1.5921759977927497,2.0910465092034562,0.1866743067129374,44.75879276552575,-17.653234199391925,-3.042515209021267,992.021484375,266.4295924558157,685.54375,0.8710933093626624,8,21
2015-01-01,2024-12-24,0.07718076345852054,44018.656,44076.125,780.37317,24.361813,152.57272,8.847957830533288,2703,1003,1699,37.10691823899371,1.5896647886248592,2.0410611777392655,0.17928439370791746,50.481141548438416,-15.458706855836793,-2.6323893904314515,835.859375,233.18764555352226,678.2,0.8983176459607707,8,22
2015-01-01,2024-12-24,0.07432538930171254,44787.688,44818.92,795.7538,24.577892,152.57272,9.026998449867154,2603,949,1653,36.457933154053016,1.6166035679836102,2.017652210056625,0.17957773440343758,44.657608817652154,-17.818996700628176,-2.5015196290573956,946.97265625,219.74807426081745,648.7041666666667,0.8730471032640454,8,23
2015-01-01,2024-12-24,0.07229807365037885,45100.664,45126.9,802.0133,24.664879,152.57272,9.123017563036946,2532,903,1628,35.66350710900474,1.6301403847621367,2.003551699946881,0.17774035754184067,47.673051212464976,-16.82320063991125,-2.3825336356158675,894.47265625,217.0779450529266,356.00069444444443,0.8777448765588493,8,24
2015-01-01,2024-12-24,0.06967112942611547,43839.824,43901.926,776.7965,24.311077,152.57272,9.535868531782803,2440,845,1594,34.63114754098361,1.6232261373244745,1.8966677281278561,0.16642778750554915,42.339639920332175,-18.346790625775547,-2.9226809492316845,978.232421875,255.09736945571805,676.7472222222223,0.8956599498790686,8,25
2015-01-01,2024-12-24,0.06752959880850946,43847.883,43886.227,776.95764,24.313366,152.57272,9.419256413998712,2365,802,1562,33.911205073995774,1.6353872001342993,1.9191684284220705,0.17002606949571297,42.59181061392053,-18.241949107174722,-2.563370150688201,973.349609375,236.75897579674097,538.2368055555555,0.8742931262251769,8,26
2015-01-01,2024-12-24,0.06601625050540122,45668.457,45680.957,813.3692,24.821304,152.57272,9.803083340321985,2312,777,1534,33.60726643598616,1.6756773681265653,1.8815130410969227,0.1599743077801909,39.19527846611993,-20.751713815816508,-3.29994642145698,1109.599609375,275.4879226404683,553.7590277777778,0.8558113126794786,8,27
2015-01-01,2024-12-24,0.06470277839326954,45870.496,45882.996,817.4099,24.876547,152.57272,9.600793074415712,2266,746,1519,32.92144748455428,1.6851618604308936,1.9228349534722513,0.1668059432209259,40.227018558741555,-20.319922812965896,-2.8984262669331486,1092.099609375,257.3763413811294,546.2652777777778,0.8540647457158651,8,28
2015-01-01,2024-12-24,0.06307521512388897,46586.133,46726.125,831.72266,25.070465,152.57272,9.699571622794993,2209,717,1491,32.458125848800364,1.7092620753749257,1.9194692035570247,0.16301993002660653,33.84151928788731,-24.576989265008958,-2.760113315617929,1327.041015625,243.92903060700422,453.8041666666667,0.8214070266153599,8,29
2015-01-01,2024-12-24,0.12232422887765522,45403.137,45442.453,808.06274,24.74842,152.57272,6.2075838399933945,4284,2510,1773,58.59010270774977,1.5323600114893068,2.9182999054053234,0.25831024813242043,74.91483372342476,-10.786418443160152,-1.1949626586932018,873.134765625,135.44229100876257,278.7784722222222,0.7229463011345768,9,10
2015-01-01,2024-12-24,0.1155855458675883,47165.348,47192.816,843.30695,25.22546,152.57272,6.740589851054687,4048,2293,1754,56.64525691699605,1.55832632280687,2.737800687858323,0.22796266943945215,65.95019181006867,-12.787027947233852,-1.5724359516272814,971.181640625,163.0880637575131,535.1618055555556,0.7273330909972133,9,11
2015-01-01,2024-12-24,0.10850421795870442,46263.426,46329.637,825.26855,24.983347,152.57272,6.828264199447704,3800,2066,1733,54.368421052631575,1.5517318873547785,2.680538223787416,0.22586783430048055,81.15471302933642,-10.169077357086774,-1.419968469104068,772.158203125,154.9589473566562,531.8520833333333,0.7396250893671573,9,12
2015-01-01,2024-12-24,0.10150855127452482,46582.242,46635.953,831.64484,25.069416,152.57272,7.090823000709835,3555,1872,1682,52.65822784810127,1.5706359582175715,2.591699579618661,0.22843336244622992,77.15410821420481,-10.779009124398996,-1.7458256892168993,829.6484375,182.16998319333192,629.3263888888889,0.7795911211933197,9,13
2015-01-01,2024-12-24,0.09768234990440207,46958.234,46995.695,839.16473,25.170242,152.57272,7.635168386178218,3421,1740,1680,50.86232095878398,1.575139324432556,2.420740640140071,0.2093928218456422,54.04040011326776,-15.528470035896177,-2.3729569886437702,1140.83984375,222.6763799605248,658.7173611111111,0.7892452209581303,9,14
2015-01-01,2024-12-24,0.09288532132096461,47826.555,47892.145,856.53107,25.40033,152.57272,7.821163523523716,3253,1610,1642,49.49277589917,1.5986508041298235,2.385075422549624,0.20435804674042607,59.474463480395755,-14.401661095721611,-2.3417934825510525,1014.658203125,215.11596867555087,653.3881944444445,0.7656846590909091,9,15
2015-01-01,2024-12-24,0.08825961518693563,47242.207,47349.04,844.8442,25.245905,152.57272,7.642918856017094,3091,1481,1609,47.913296667745065,1.601602814026734,2.4260564345032654,0.21531458416786367,76.24201229331327,-11.081084455062186,-1.8126701354361456,823.49609375,184.88215210329298,644.3006944444444,0.7513052508519265,9,16
2015-01-01,2024-12-24,0.08511870361444683,47123.754,47225.586,842.47504,25.214386,152.57272,7.9966734213295645,2981,1384,1596,46.42737336464274,1.603937492418324,2.319611738122849,0.2058073189197572,45.67730327040923,-18.44406250591566,-2.8826652824794694,1379.658203125,266.9159811192528,674.3881944444445,0.7668778344671203,9,17
2015-01-01,2024-12-24,0.08286295803056849,47841.652,47938.484,856.83307,25.404299,152.57272,8.679377936374438,2902,1311,1590,45.175740868366645,1.6154392609268342,2.1580428552766437,0.18413686616783986,43.96157354308667,-19.490500448257965,-3.3847097186029678,1325.859375,281.04987458321307,685.8729166666667,0.7984805961166066,9,18
2015-01-01,2024-12-24,0.08035022877257744,48945.652,48991.242,878.913,25.691391,152.57272,8.909688597642273,2814,1243,1570,44.171997157071786,1.6379331242682644,2.124428450483399,0.18634737723592631,43.83357114927873,-20.051138929774513,-3.6317787629993386,1389.55078125,302.3613296423302,699.2,0.7839894292975971,9,19
2015-01-01,2024-12-24,0.07792316073929063,48651.13,48691.72,873.0226,25.61537,152.57272,8.433813837780397,2729,1171,1557,42.90949065591792,1.638370019184092,2.2333640517864586,0.19781648673866473,67.91941819923868,-12.85379948996086,-2.432782288338357,957.119140625,231.66235595107435,672.9173611111111,0.7907959599465267,9,20
2015-01-01,2024-12-24,0.07449671175112102,47155.035,47193.77,843.1007,25.22272,152.57272,8.59247300169477,2609,1085,1523,41.586814871598314,1.6300159165709274,2.1641932310711267,0.19343683563769545,57.82236041550917,-14.580876704951587,-2.775601573349603,1094.638671875,260.22520187770306,685.5569444444444,0.8343709527278614,9,21
2015-01-01,2024-12-24,0.07246939609978732,46408.195,46434.42,828.16394,25.022495,152.57272,8.796600336237221,2538,1024,1513,40.34672970843184,1.6227202881169087,2.101256799866067,0.18777790355485088,64.42717939256839,-12.85426349931463,-2.3473820102560943,920.8203125,225.20162963311137,683.3458333333333,0.8568587382391083,9,22
2015-01-01,2024-12-24,0.06969968316768356,47213.523,47249.758,844.2705,25.238276,152.57272,8.85461974259312,2441,969,1471,39.69684555510037,1.6516039593705403,2.1035727533668367,0.18910058629713647,59.482295452945884,-14.193643694876728,-2.0666713574442803,994.580078125,205.8770002483661,292.425,0.8299036620392531,9,23
2015-01-01,2024-12-24,0.06801501241516683,46041.67,46072.906,820.8334,24.92317,152.57272,8.99896476690297,2382,916,1465,38.455079764903445,1.6361915399123654,2.0485773575196977,0.18219958451564783,59.6410073139486,-13.762902589867295,-2.350905823130587,959.580078125,229.6796367981892,390.1875,0.8597758260487106,9,24
2015-01-01,2024-12-24,0.06575926683128851,44584.727,44610.96,791.6945,24.521183,152.57272,9.502066838572743,2303,859,1443,37.299174989144596,1.623013397642048,1.9174873179922818,0.16950983029659078,56.48142310157237,-14.016901054692601,-2.68577580204978,989.51171875,255.0764513387764,770.5256944444444,0.8985961477443176,9,25
2015-01-01,2024-12-24,0.06364628995525058,45301.51,45322.746,806.0303,24.720406,152.57272,9.295657071420356,2229,819,1409,36.74293405114401,1.6484842459175353,1.9719578724627485,0.17663682284604865,63.43339594471575,-12.706717990315092,-2.07743147085153,889.580078125,217.9859214003241,383.9013888888889,0.859361221340388,9,26
2015-01-01,2024-12-24,0.06238992532625505,46750.87,46763.37,835.0174,25.114727,152.57272,9.719373781614944,2185,793,1391,36.2929061784897,1.6792889841262229,1.9164454404946156,0.16541311675940037,52.606243908571024,-15.872971209858298,-2.565384620579041,1046.69921875,243.29616124561664,669.9368055555556,0.838984516749262,9,27
2015-01-01,2024-12-24,0.06079091579844257,47385.332,47397.832,847.7066,25.283886,152.57272,9.400748168606903,2129,761,1367,35.7444809769845,1.700831720440311,1.9898071271341042,0.17659593009460214,61.14386335109181,-13.864132188316642,-2.1398573738245275,950.44921875,223.2291080340372,460.18194444444447,0.8370417923425995,9,28
2015-01-01,2024-12-24,0.05887781511338119,48398.39,48543.383,867.9678,25.549805,152.57272,9.442086969119288,2062,730,1331,35.402521823472355,1.7357876178998584,2.001959686568768,0.17499141854683023,51.68086221903557,-16.794761855149588,-2.0354426401965737,920.91796875,214.4515320934716,354.31388888888887,0.7961153552082523,9,29
