Short EMA,Long EMA,Total Return (%),Annualized Return (%),Benchmark Return (%),Volatility (Annual %),Sharpe Ratio,Sortino Ratio,Calmar Ratio,Max Drawdown (%),Average Drawdown (%),Profit Factor,Total Trades,Winning Trades,Losing Trades,Win Rate (%),Exposure Time (%)
10,20,222.09200000000146,8.222930077295176,159.97451958806667,12.891263504569835,0.4162672726212122,0.2664396201566769,8.166701863762668,-27.194821569949703,-9.116896442223439,1.3664533757495114,335,125,210,37.3134328358209,61.32153019285489
10,30,200.0560000000012,7.706011074075247,159.97451958806667,14.066572909769809,0.3853989632032811,0.22362931757382815,7.40782039998043,-27.006054304519818,-9.104870794504867,1.3639103444938827,280,104,176,37.142857142857146,62.66835282959215
10,40,160.72220000000104,6.68837992978677,159.97451958806667,14.031817654821868,0.3547370450908138,0.1796157468128144,4.164706146825098,-38.591486249882294,-11.29742711738239,1.3051085235204818,236,89,147,37.71186440677966,63.66108125197597
10,50,162.76660000000092,6.7446936350139985,159.97451958806667,14.599886199145415,0.355353531593166,0.18036039296356532,4.121796179736503,-39.489240346281804,-11.333443356379703,1.3309278534965567,208,79,129,37.980769230769226,64.43882390135947
10,60,160.5620000000008,6.683949786514498,159.97451958806667,15.789361489472062,0.3415389779264145,0.17787558164442638,4.159136575253227,-38.6046471653134,-12.161343005788332,1.3493700059924805,185,64,121,34.5945945945946,65.08378122036042
10,70,172.46020000000078,7.006267472405203,159.97451958806667,16.098753201550252,0.35648843022306237,0.18270137728810223,4.392777773355689,-39.2599418632226,-13.690190934525868,1.4022143921965904,176,60,116,34.090909090909086,65.84255453683213
10,80,194.1316000000007,7.560998953670706,159.97451958806667,16.714928894321048,0.37346923614715605,0.19439629246092177,4.709577689529007,-41.22059615485721,-14.69938494620879,1.498405925469504,158,58,100,36.708860759493675,66.26620297186216
10,90,183.62940000000063,7.297108828661303,159.97451958806667,15.828616189743519,0.38008093923330355,0.18329412722127764,5.0426566741070635,-36.41520965385118,-14.513444504014242,1.4790663771161885,147,56,91,38.095238095238095,66.61397407524503
10,100,178.2278000000006,7.15781319067792,159.97451958806667,16.318112165986427,0.3710855531739735,0.17696637226264142,4.8544283408114905,-36.71447748061868,-15.392304556392244,1.4806473865975838,139,53,86,38.1294964028777,66.9427758457161
10,110,176.10220000000058,7.1023061174265045,159.97451958806667,17.363750308077364,0.35877072522819364,0.19298426251170908,4.160461802125376,-42.32756082751165,-16.360360206860364,1.4817029038034075,136,49,87,36.029411764705884,67.38539361365793
10,120,148.3282000000006,6.3379016972516355,159.97451958806667,19.313755415911867,0.31480739656212653,0.17204780617807955,3.249011496417482,-45.65333184063968,-19.362497891257092,1.3911800526080647,141,48,93,34.04255319148936,67.714195384129
10,130,140.8274000000006,6.117784227975576,159.97451958806667,19.484046505981997,0.30783683689890073,0.18880764720734028,2.9151564299711996,-48.30869402140176,-19.210390385238203,1.3843213218081196,137,44,93,32.11678832116788,68.201074928865
10,140,145.15120000000056,6.245437183000302,159.97451958806667,19.221251138782602,0.3177432743871304,0.2105284589079536,3.046842337189754,-47.63987890948119,-18.739572628212102,1.4097628617612965,131,42,89,32.06106870229007,68.68163136263041
10,150,181.12360000000052,7.232800051344634,159.97451958806667,20.555701452267094,0.34064706729519095,0.2377399612362319,4.323070303022526,-41.896982307543276,-19.17009832984429,1.5883329706131712,118,38,80,32.20338983050847,68.95352513436612
10,160,174.0978000000005,7.049597773716143,159.97451958806667,19.760216463473835,0.3443544797412406,0.23527143781084184,4.43436721899965,-39.26102449387925,-18.03045867398348,1.5669826307675183,114,40,74,35.08771929824561,69.2443882390136
10,170,182.34620000000047,7.264243302502749,159.97451958806667,20.299797376437553,0.3501265973770915,0.25676291391941114,4.4395548575620145,-41.07308184049246,-18.059204389017545,1.6162193252570376,106,37,69,34.90566037735849,69.59848245336705
10,180,190.99520000000044,7.483122730702463,159.97451958806667,18.719948250301734,0.37645145100700284,0.28558618880212483,5.187882109397226,-36.815639980337174,-16.61932200748498,1.692544552401922,101,39,62,38.613861386138616,69.7439140056908
10,190,209.47040000000047,7.931045836892081,159.97451958806667,18.212018357532525,0.40325475029360397,0.28754000765752213,6.09688091220542,-34.35697744737955,-16.33392581294757,1.7918372160890805,102,38,64,37.254901960784316,70.0158077774265
10,200,221.71920000000043,8.214462845920224,159.97451958806667,17.87078530269924,0.42420765049368275,0.2881428168442704,5.935054401386182,-37.35756827236765,-18.32852626142141,1.9062228453014978,96,36,60,37.5,70.35725576983876
10,210,228.84420000000043,8.374728705419777,159.97451958806667,19.544849478516294,0.40833788615360256,0.2897665468448766,5.6206084977257955,-40.71520015894989,-18.710243080193994,2.0426273873742544,96,36,60,37.5,70.62914954157445
10,220,228.36760000000038,8.364109862117996,159.97451958806667,19.02697009769897,0.41852322152270766,0.3062236898778175,5.633646329220489,-40.53637496118769,-18.63611882309642,2.0505011288509283,88,34,54,38.63636363636363,70.86942775845716
10,230,203.8182000000004,7.796719051382883,159.97451958806667,20.16024171726621,0.3839763412614703,0.26437098981082013,5.080626130592154,-40.11674836153416,-19.311100042384318,1.8651460472128925,91,32,59,35.16483516483517,70.98324375592792
10,240,241.34240000000037,8.64819207887546,159.97451958806667,19.39896908320185,0.4286299874750087,0.2829831043310883,6.274314110034867,-38.46514467836536,-17.968257391191727,2.11803090652532,87,31,56,35.63218390804598,71.22352197281062
10,250,240.06620000000032,8.620700423262173,159.97451958806667,19.07593609402255,0.43588644111100394,0.2931331280163053,6.1739361793159695,-38.88381626040683,-16.49369155357926,2.1410554514101467,81,29,52,35.80246913580247,71.47644641163453
10,260,237.11640000000034,8.556786418999284,159.97451958806667,19.039847692992623,0.436547555427184,0.30915960247730156,5.865607286253451,-40.42486795113317,-16.988466236967113,2.1297207005213235,82,29,53,35.36585365853659,71.72937085045842
10,270,216.9418000000004,8.105138508211107,159.97451958806667,19.282985992544294,0.4175100294910145,0.29316948238710366,5.850973803481925,-37.07789631033691,-16.293808709590973,1.9713556778210015,84,30,54,35.714285714285715,71.90641795763516
10,280,224.21580000000034,8.270993334060117,159.97451958806667,20.122541046250795,0.41508085060856914,0.2990807240885362,5.972011352783616,-37.54443633056576,-15.088726174579275,2.0418233318526435,79,28,51,35.44303797468354,72.11508061966487
10,290,219.84000000000034,8.17164167086808,159.97451958806667,19.728431751139293,0.4194169903156318,0.2535272905309821,5.466958729064343,-40.21248575213324,-15.402373498614486,2.0484027881104723,75,27,48,36.0,72.26051217198862
10,300,189.84060000000034,7.454257009989784,159.97451958806667,19.99377574706518,0.39117643040488137,0.2211327278332432,5.189976337679449,-36.57831705739186,-16.036336752365425,1.8390195912046423,78,27,51,34.61538461538461,72.5576983876067
15,20,235.80460000000113,8.528195666791216,159.97451958806667,12.480689564370781,0.4470345030753297,0.25392802172811485,9.78117875177868,-24.10799413691532,-6.868645954886181,1.4524119147394734,273,106,167,38.82783882783883,61.7894404046791
15,30,185.66800000000094,7.349037770448552,159.97451958806667,12.651129731337708,0.40609756631439115,0.2072889747058846,5.352273893391851,-34.68955507475705,-8.619494500922343,1.3741986194387033,215,90,125,41.86046511627907,63.104647486563394
15,40,182.28760000000082,7.262739106680249,159.97451958806667,13.330656449762715,0.3974319796525027,0.17618556734970667,4.792058155640566,-38.03952165844156,-10.623876134806421,1.3913190388052572,188,81,107,43.08510638297872,64.00252924438824
15,50,136.48400000000075,5.987382631058202,159.97451958806667,16.15726229006778,0.30878054893218093,0.13827689893872003,2.941536874893908,-46.39887439960218,-14.397481166497684,1.2916925623141153,170,63,107,37.05882352941177,64.65380967435979
15,60,166.15480000000065,6.837129351263971,159.97451958806667,15.890143352703396,0.3513783503950452,0.157456032827405,3.900375176055447,-42.599696824046916,-14.921174532781631,1.3994993118663832,149,62,87,41.61073825503356,65.48213721150806
15,70,176.20320000000063,7.104952593558678,159.97451958806667,15.99809873181996,0.3656022842830811,0.17031498877339563,4.295908229569239,-41.01651864608592,-15.270885391335865,1.4557081451825626,141,56,85,39.71631205673759,66.08283275371483
15,80,169.80040000000056,6.935369890545551,159.97451958806667,15.505001149112418,0.368536836105922,0.15896361693322839,4.100462867106526,-41.41005674313531,-14.68331039465515,1.4638587162890506,127,55,72,43.30708661417323,66.27884919380335
15,90,180.10040000000055,7.206386874657511,159.97451958806667,15.156494659017653,0.3885669744090949,0.18457227374302534,4.9838492603652815,-36.13680723297005,-12.640785686177693,1.5008919249503687,127,49,78,38.582677165354326,66.68352829592159
15,100,177.69820000000053,7.144020508867688,159.97451958806667,16.604952686336542,0.3683555968444323,0.1866602312661958,5.059486305668937,-35.121786929415606,-14.942150094394336,1.519987077736661,116,45,71,38.793103448275865,67.06923806512805
15,110,201.04780000000048,7.730026211924423,159.97451958806667,17.547186820410868,0.3817089561785506,0.2054664651339012,5.596835358294309,-35.921692729812904,-17.330131795667857,1.5971377468250814,114,43,71,37.719298245614034,67.51817894404046
15,120,196.6476000000005,7.622913053299696,159.97451958806667,18.48729354751615,0.3686566763297638,0.2260350059827809,5.5173776966677766,-35.64149688696605,-17.43653323442402,1.5892327745067196,113,38,75,33.6283185840708,67.82168827062915
15,130,203.67100000000048,7.7931897447298,159.97451958806667,18.742493208104744,0.37562055615043916,0.21898889194996385,5.266988376342841,-38.66934677790583,-18.845225262696065,1.6824026943499604,105,38,67,36.19047619047619,68.25798292760038
15,140,199.76960000000042,7.6990625000802115,159.97451958806667,19.91097804262467,0.3615745625500419,0.22102685582954565,5.0081831985796565,-39.88863667300669,-19.379319606617468,1.6889495403890027,98,36,62,36.734693877551024,68.53619981030667
15,150,218.6432000000004,8.144247841697961,159.97451958806667,17.98722211225932,0.4019582811081689,0.21911736794120126,6.762028206793567,-32.33396745969463,-16.953251714671907,1.8448705315913747,91,36,55,39.56043956043956,68.68163136263041
15,160,218.5180000000004,8.141376569428594,159.97451958806667,18.040978185559386,0.4038807699814894,0.22676131337790206,6.919736666666703,-31.578947368420945,-16.00428267874042,1.8387138375232315,90,37,53,41.11111111111111,68.94720202339552
15,170,190.2172000000004,7.463684009522176,159.97451958806667,18.64119416786615,0.37446463442240074,0.20955117307678048,5.728165895247166,-33.207348299362174,-16.89738009001566,1.7278539281043312,86,35,51,40.69767441860465,69.33291179260196
15,180,213.2668000000004,8.019990421698363,159.97451958806667,18.27419341728353,0.4050624661620259,0.21372966894263523,6.654737944985502,-32.047362610379245,-16.285161341923885,1.883585537600285,84,35,49,41.66666666666667,69.7439140056908
15,190,204.96580000000034,7.824179674181098,159.97451958806667,19.962195769367664,0.37917933958397193,0.21978200483018326,6.187435171275458,-33.12613293332484,-19.44240900715312,1.8909031005123775,79,30,49,37.9746835443038,70.10433133101486
15,200,192.21600000000035,7.513527569064493,159.97451958806667,20.889901349203686,0.36097139754222624,0.1911165464218556,5.070470929025378,-37.9089048513581,-20.735037127747745,1.7895009225137732,80,31,49,38.75,70.2687322162504
15,210,195.46580000000034,7.593892374951361,159.97451958806667,19.822589372413027,0.3756534081267299,0.22398161283349172,5.391410977606088,-36.25503616991775,-19.753267760194312,1.8075771009561246,79,28,51,35.44303797468354,70.41416376857413
15,220,220.54020000000034,8.187624424015416,159.97451958806667,20.7914968545693,0.38867004534642713,0.24734014226976297,5.554818970102783,-39.7024999711052,-20.976543988297276,1.9814218009478684,76,26,50,34.21052631578947,70.67973442933923
15,230,228.69020000000032,8.371299092502449,159.97451958806667,20.679223091150753,0.4002474832395785,0.24684413853144618,5.383250370335785,-42.481806393436536,-19.250109637138202,2.071322097164225,76,28,48,36.84210526315789,70.98324375592792
15,240,233.18960000000027,8.470889527060454,159.97451958806667,19.448221522595095,0.4230414168273255,0.2566311363366378,6.101968021765217,-38.21547395335934,-16.5578271509735,2.107312482133582,73,26,47,35.61643835616438,71.2677837496048
15,250,248.06320000000022,8.79140764019597,159.97451958806667,17.99588733735467,0.46267140730463446,0.2693593535534265,6.853745175772168,-36.193817196019765,-14.765860263780167,2.273640811841843,66,26,40,39.39393939393939,71.57129307619348
15,260,236.78760000000025,8.549629960175764,159.97451958806667,18.339003386231052,0.45061457150997125,0.2609516510928362,6.055025013298428,-39.105965620282724,-15.328681340574047,2.2041521013249428,63,26,37,41.269841269841265,71.81789440404678
15,270,203.86280000000028,7.797788078206547,159.97451958806667,18.27706356122229,0.42273706279310574,0.22583228281240936,5.5449614077358165,-36.76541368089411,-16.480385198069488,1.9869069369126016,64,26,38,40.625,72.00126462219411
15,280,182.3140000000003,7.26341680090139,159.97451958806667,20.83576448002525,0.3706624723282257,0.20917620161591277,5.031004715475567,-36.2380896680926,-15.996745761983252,1.7882437479301012,70,27,43,38.57142857142858,72.11508061966487
15,290,174.51360000000028,7.060561261143872,159.97451958806667,21.296983932669896,0.36227279777414345,0.20045735949816704,4.586126256870021,-38.05250667457721,-17.717498358879276,1.7277719486420715,68,26,42,38.23529411764706,72.36168194751818
15,300,191.36260000000027,7.492285564394008,159.97451958806667,19.798390222253403,0.3975151747133463,0.20601290095040553,4.938332164833717,-38.750451288536155,-15.291371181587316,1.8769347660317048,63,26,37,41.269841269841265,72.64622194119507
20,30,162.48780000000082,6.737038100179915,159.97451958806667,13.608771427160104,0.3640395323266331,0.15624049364819784,3.9264535765890094,-41.38283996755089,-10.594538101250807,1.3432872272774299,189,84,105,44.44444444444444,63.37654125829908
20,40,174.65780000000072,7.064359797464648,159.97451958806667,14.429241425542774,0.37077222771595564,0.15806684122512946,4.0422513132031845,-43.208050778415696,-12.235337319312865,1.404599979336553,164,65,99,39.63414634146341,64.14796079671198
20,50,160.75440000000066,6.689270076686782,159.97451958806667,15.843542081711732,0.3421434418563097,0.16137251564637006,4.140518140290531,-38.82470612451437,-14.868417055598371,1.3922438613990853,147,61,86,41.49659863945578,64.96996522288966
20,60,222.85020000000054,8.240122563012985,159.97451958806667,14.340508523533915,0.4384907219878729,0.19056959143468882,7.312626174385238,-30.47471519610877,-11.898827165217927,1.6688462300336744,126,56,70,44.44444444444444,65.69712298450838
20,70,218.09860000000052,8.131750592892505,159.97451958806667,14.23145571150726,0.440223501985232,0.194257359204914,8.511215079912331,-25.62484885556987,-11.276694827355838,1.7027803341401986,118,52,66,44.06779661016949,66.03224786595004
20,80,185.34780000000052,7.340904285724803,159.97451958806667,15.293455552011517,0.3903489177434331,0.18034752692375008,6.003863497504211,-30.87142139008475,-13.576716443658471,1.5588457880889508,114,48,66,42.10526315789473,66.4179576351565
20,90,208.57160000000044,7.909839248773154,159.97451958806667,16.661463672241528,0.396709089095233,0.18265972574432227,6.01739256616806,-34.661458049565326,-15.330006007160648,1.6419811910218742,108,45,63,41.66666666666667,66.90483717989251
20,100,231.44500000000045,8.432423989137238,159.97451958806667,16.90230772737835,0.4149351244276129,0.2220475953926872,7.39854107093846,-31.282518780509122,-15.429785310876978,1.7557071900341799,100,39,61,39.0,67.1893771735694
20,110,228.79520000000042,8.373637627421694,159.97451958806667,17.821252822255534,0.4019709864812368,0.2021756923613705,6.333492998690188,-36.12464718083953,-17.562327566081258,1.7979954825811513,101,38,63,37.62376237623762,67.53082516598167
20,120,249.06780000000026,8.812593088691933,159.97451958806667,16.198043535331156,0.44894787968191097,0.2240268393102513,7.657604706476407,-32.52554937829992,-15.622878767003579,2.0495267038156983,89,36,53,40.44943820224719,67.79639582674676
20,130,209.2678000000004,7.926270643009303,159.97451958806667,18.604226083020258,0.38063092409360133,0.2280003784097726,5.954638404983553,-35.14366209455474,-18.676660467656536,1.7686203327503218,89,35,54,39.325842696629216,68.11255137527664
20,140,207.56660000000036,7.886058627117221,159.97451958806667,18.777012041801793,0.37930969618143634,0.21252384347312753,6.080867082093365,-34.13437544313905,-19.177385163401734,1.8270738947662033,83,33,50,39.75903614457831,68.34018337021814
20,150,207.0416000000004,7.873607088270074,159.97451958806667,18.978648297809023,0.3780827105165193,0.19168732223350252,6.092725944589226,-33.981768076056014,-18.80987086666063,1.844756057356797,83,35,48,42.168674698795186,68.50458425545368
20,160,198.16640000000035,7.660051327639317,159.97451958806667,18.679325883326452,0.37909564456059974,0.1944482717058321,5.8579843505416545,-33.828427688045466,-17.36062445961454,1.8021612641808686,82,35,47,42.68292682926829,69.03572557698388
20,170,209.66520000000034,7.935634440180994,159.97451958806667,21.084280631659688,0.36577980821804373,0.18692732995499156,5.774752632314002,-36.30721752941742,-18.383453898292334,1.9253024171304256,76,31,45,40.78947368421053,69.45937401201391
20,180,206.33980000000034,7.8569313032991195,159.97451958806667,21.89394873116338,0.35968310360215106,0.17092333442127472,5.353723977354375,-38.54135941127961,-21.04963669558933,1.9353945216309636,74,30,44,40.54054054054054,69.85773000316155
20,190,200.91480000000033,7.726810077992319,159.97451958806667,22.467805037408304,0.35248623973411,0.17717690442249404,5.700673720891374,-35.24404479837248,-21.134670950098602,1.861775994207783,74,26,48,35.13513513513514,70.0158077774265
20,200,240.5636000000002,8.631426740673898,159.97451958806667,20.825488581941197,0.4004516220625895,0.19954974497012146,7.437732269194128,-32.343675638389854,-18.154578254994842,2.161070547397767,68,24,44,35.294117647058826,70.2687322162504
20,210,238.71260000000026,8.591436102702477,159.97451958806667,19.538915100889227,0.4167562048162513,0.20055207629680774,7.531655590508725,-31.694571947875865,-17.256291942015388,2.2237454579755087,63,24,39,38.095238095238095,70.41416376857413
20,220,244.9120000000002,8.72458184253626,159.97451958806667,17.6952928963421,0.4540512679175189,0.23681413256522285,7.888998003708799,-31.044753704445288,-14.628273770023878,2.339835420033416,60,23,37,38.333333333333336,70.69238065128043
20,230,233.01220000000023,8.466986739454008,159.97451958806667,17.97604334346436,0.44182818932166457,0.26923224480901586,6.770264663464933,-34.41700015915591,-15.814471515945062,2.175982348066494,61,24,37,39.34426229508197,70.97059753398672
20,240,232.7118000000002,8.460373537518763,159.97451958806667,17.224720036313457,0.4584983322210085,0.26083165222207205,7.1226265019025785,-32.67218910577984,-13.187398965793678,2.2350813244155825,59,25,34,42.3728813559322,71.22984508378121
20,250,225.01200000000026,8.288936335525033,159.97451958806667,16.7269906917972,0.4638680190365276,0.25371988556696706,7.939688126394429,-28.34015598824065,-12.600943159353678,2.2202836113262316,60,26,34,43.333333333333336,71.49541574454632
20,260,206.08720000000025,7.8509204420343925,159.97451958806667,18.01000338050332,0.42624866369394665,0.2506785281144504,6.105845279836948,-33.75244385581674,-13.315091410347229,2.0347405205655535,61,26,35,42.62295081967213,71.7862788491938
20,270,182.11220000000026,7.258235046120909,159.97451958806667,19.45613807681999,0.3854561177755194,0.23473204136529585,5.113429489989863,-35.61449323912772,-16.148045287761484,1.8254646723881758,61,25,36,40.98360655737705,72.0708188428707
20,280,156.78680000000026,6.578809072024483,159.97451958806667,22.248199330115714,0.3357943280617125,0.18641333627509238,3.820186803812015,-41.041657921950005,-18.608474820502465,1.683857595602007,59,25,34,42.3728813559322,72.23521972810623
20,290,150.78680000000026,6.408703627840695,159.97451958806667,23.461001136503132,0.3244581957473606,0.15950946549819903,3.636367255836084,-41.46632872628563,-18.34214291864474,1.6489836147419985,59,24,35,40.67796610169492,72.43123616819476
20,300,169.73600000000025,6.933645225751794,159.97451958806667,28.470160900380492,0.31151379607151547,0.19917758564505642,4.016422966822463,-42.26048934639085,-18.77240951736431,1.7759594118039683,55,22,33,40.0,72.73474549478344
25,30,178.28280000000072,7.159244184295255,159.97451958806667,13.086802382496392,0.39759288127809844,0.17332060504287133,4.415378382711351,-40.37769462705088,-10.84633264383703,1.4143403961597167,164,69,95,42.073170731707314,63.82548213721151
25,40,194.52840000000063,7.570796188392648,159.97451958806667,14.429037818306053,0.39542596468093794,0.19209224759870583,6.044854522484953,-32.18082408375856,-12.188009016197173,1.513288944499531,142,63,79,44.36619718309859,64.51470123300665
25,50,224.32580000000058,8.273474716206408,159.97451958806667,14.39599907701857,0.43462990686455943,0.18931089947222773,7.248474208306788,-30.94800278697579,-12.819650968748267,1.6832726794244963,129,58,71,44.96124031007752,65.34302877015492
25,60,207.64840000000052,7.8879969107287895,159.97451958806667,13.99049762458103,0.43188910007449716,0.18153189344540116,7.9028592687028265,-26.275097776615713,-11.150915301317134,1.6544497568447496,117,52,65,44.44444444444444,65.76035409421436
25,70,183.99660000000046,7.306488101265485,159.97451958806667,15.26018202689958,0.3879236883169604,0.15924820174201187,5.670153447471041,-32.45002127447984,-13.496907834983663,1.5567421510009438,108,48,60,44.44444444444444,66.19664875118558
25,80,234.37040000000047,8.496817782592302,159.97451958806667,15.777582651335361,0.4320333728011177,0.18424635303456674,6.82716552742592,-34.32909295350955,-14.775066043947263,1.7944403843624626,102,43,59,42.15686274509804,66.59500474233323
25,90,258.1432000000003,9.001443560270662,159.97451958806667,16.543845570782373,0.4388994401269941,0.20613083866142173,7.77891810302436,-33.184974643149545,-13.784773103188003,1.9969259192891613,91,37,54,40.65934065934066,66.80366740436294
25,100,243.96640000000028,8.704417951376374,159.97451958806667,16.81306863602668,0.42884703373349436,0.19117395281451333,7.244456731088132,-33.676286442994055,-16.182766426091383,1.897130551943658,82,36,46,43.90243902439025,67.26525450521656
25,110,224.9176000000004,8.286811099292123,159.97451958806667,16.95507584353913,0.41269518819104745,0.17902048259350162,6.144926927045384,-36.602160232383056,-16.4533098126202,1.8781062187230864,88,35,53,39.77272727272727,67.52450205501107
25,120,245.06660000000028,8.727873615703196,159.97451958806667,18.06784931099102,0.41455247261104045,0.2091286235598988,6.780844950457993,-36.14101218808254,-16.140795472973615,2.031902816960715,83,33,50,39.75903614457831,67.80271893771736
25,130,241.06540000000032,8.642233151268218,159.97451958806667,18.625518356568477,0.4065951447358147,0.19659998333636206,6.634006495869231,-36.33782995993499,-17.049429671604997,2.110946536953146,77,32,45,41.55844155844156,68.08725893139425
25,140,253.11440000000016,8.897357829006713,159.97451958806667,18.9017020167835,0.4148604728379559,0.16620250096698425,7.62507093964764,-33.1950223156477,-16.473836875380528,2.282780500413042,72,32,40,44.44444444444444,68.33386025924754
25,150,242.18980000000022,8.666393709145614,159.97451958806667,18.72346875750488,0.41443996617833934,0.16392201997776015,7.283917502613167,-33.24993726426921,-15.541389839459033,2.218311254913443,74,31,43,41.891891891891895,68.80809358204236
25,160,228.2394000000003,8.361251060849394,159.97451958806667,22.351689060049114,0.3658413522348816,0.15939337866621542,5.4909269143543655,-41.56664322071698,-18.536900702033947,2.1642408185209874,72,29,43,40.27777777777778,69.2507113499842
25,170,241.36380000000028,8.64865225603062,159.97451958806667,21.78957759563339,0.3854806005650178,0.16439459177607774,6.0784063800142984,-39.70840133255989,-18.751144677375922,2.2558485845910194,69,28,41,40.57971014492754,69.70597533986721
25,180,239.96340000000026,8.618481740704276,159.97451958806667,23.362240390713314,0.37227416254370727,0.17425059542113744,5.985056469813138,-40.09375704478395,-20.444460452374415,2.1519157360328127,67,26,41,38.80597014925373,69.93360733480873
25,190,252.88740000000013,8.892626864638453,159.97451958806667,20.705619317832337,0.41019294670398126,0.19286319259233764,8.064432402371537,-31.35836316584818,-16.17057587592358,2.3583856696868852,62,25,37,40.32258064516129,70.21814732848561
25,200,248.7616000000001,8.80614183765649,159.97451958806667,18.91183184849914,0.4333563504158214,0.2048664339425926,8.82173725384503,-28.198708807788993,-14.65879381494966,2.418308121409497,58,24,34,41.37931034482759,70.38887132469175
25,210,243.81080000000014,8.701094999230952,159.97451958806667,17.51914921146695,0.4549402671785874,0.2568977003698122,8.769092083091119,-27.80342567848329,-12.438861280940698,2.441013274702413,54,24,30,44.44444444444444,70.59121087575086
25,220,229.08580000000023,8.380106172522916,159.97451958806667,17.988300904688586,0.4359898123246679,0.23570420271057732,8.200617158375579,-27.93519019065862,-12.419767867504444,2.3399243840411024,54,25,29,46.2962962962963,70.7872273158394
25,230,218.21140000000025,8.13434071653274,159.97451958806667,18.39316791839237,0.4228891077587746,0.23214364345703048,6.598392242377092,-33.070389268248306,-14.112603192196152,2.215199333513024,57,24,33,42.10526315789473,71.00221308883971
25,240,224.68600000000026,8.281594626352984,159.97451958806667,17.468764765361968,0.4463092851095931,0.21325581352476203,6.511286260498412,-34.50716049194272,-13.69567216644986,2.3597258834835366,55,23,32,41.81818181818181,71.19822952892824
25,250,204.06080000000026,7.802532216199776,159.97451958806667,18.299525774262378,0.41574690681940746,0.1938252669005225,5.607327616823489,-36.39180977900472,-15.605967937587536,2.152439224119918,54,22,32,40.74074074074074,71.40689219095795
25,260,194.61040000000023,7.572819283971355,159.97451958806667,18.88603603401878,0.40069583816663507,0.18803829451136692,5.429905571047866,-35.84047594449128,-13.965714731405821,2.1316597758898412,52,22,30,42.30769230769231,71.70407840657603
25,270,191.08540000000022,7.485373287319641,159.97451958806667,19.03745594054311,0.3991278271026606,0.18274615283356777,5.341650476779254,-35.77272620712823,-14.432929695125098,2.049955547936249,52,21,31,40.38461538461539,71.93803351248815
25,280,185.66080000000022,7.348854974792718,159.97451958806667,23.933792856420837,0.3452955276604723,0.21207385940903936,5.04203535863673,-36.82258984597826,-17.05685860910762,1.939253821045752,54,21,33,38.88888888888889,72.27315839392982
25,290,170.03560000000024,6.941665407040776,159.97451958806667,28.80901657333816,0.30831200697857347,0.19257354722181153,3.7476735941861836,-45.3709736791856,-18.005941235306867,1.8103964487283735,53,17,36,32.075471698113205,72.44388239013595
25,300,181.81040000000021,7.250479070679305,159.97451958806667,27.808538748811866,0.32285355616060124,0.23561827578233047,4.020278364654939,-45.22333617453502,-16.17623203378111,1.8841052034735863,52,19,33,36.53846153846153,72.66519127410686
30,40,196.4024000000006,7.616900713788399,159.97451958806667,15.162192105772906,0.389513849724533,0.16762286927024775,5.604135052803871,-35.04597911175181,-14.46455136381145,1.5438487963754182,137,58,79,42.33576642335766,65.00790388871324
30,50,229.87220000000045,8.397584194013596,159.97451958806667,13.118817547705278,0.4734783259188931,0.20960895328973553,9.904699652216294,-23.208396828929974,-9.574837583650078,1.778467800926553,111,51,60,45.94594594594595,65.48846032247866
30,60,183.42120000000045,7.291785811308471,159.97451958806667,15.271414640101966,0.3844560786047362,0.1504521507346096,5.7504959655890255,-31.896587893912653,-12.588278078095987,1.5544139427756185,106,46,60,43.39622641509434,65.88049320265571
30,70,217.3194000000004,8.11383510635002,159.97451958806667,15.315234880422956,0.42429333682884274,0.17780510535212365,6.623382538070468,-32.81093893503397,-15.233524951402039,1.721476980199499,97,45,52,46.391752577319586,66.46221941195068
30,80,254.09240000000025,8.917708199842389,159.97451958806667,17.098234263283615,0.42464274162151006,0.19776124898283032,7.071808468428863,-35.93032830772518,-14.367691320971879,1.9770327002361712,87,39,48,44.827586206896555,66.60765096427443
30,90,274.4410000000002,9.329652250681185,159.97451958806667,15.979319683791879,0.46519646512405755,0.2110399766397904,8.71177224855294,-31.502315736684455,-13.863018629935672,2.116336263142652,80,34,46,42.5,66.9364527347455
30,100,240.6656000000002,8.633624542354879,159.97451958806667,16.20665375766947,0.4369888754947957,0.17161528389172107,7.134355885599314,-33.7333326034076,-15.509316278531376,1.9943166700545198,78,34,44,43.58974358974359,67.23996206133418
30,110,222.54060000000035,8.233106812770853,159.97451958806667,17.876001564467973,0.39668552373441346,0.16569718263980518,6.655331104572014,-33.43794568644701,-16.19363486231624,1.9088245671925599,78,35,43,44.871794871794876,67.4423016123933
30,120,238.39060000000026,8.58445853006593,159.97451958806667,18.642342412270153,0.401396834276021,0.18530233769767568,7.145637187999011,-33.36169941574611,-16.82634360140546,2.064167738018714,78,33,45,42.30769230769231,67.81536515965854
30,130,242.0140000000002,8.662621091266654,159.97451958806667,18.632975643380867,0.4084090355593462,0.15556490648059926,7.4693422811491725,-32.400978679312296,-15.908964911029702,2.263998495824347,70,30,40,42.857142857142854,68.11887448624724
30,140,236.46480000000034,8.542597753386683,159.97451958806667,19.80480838932712,0.3939839620934089,0.15466692696853732,6.02146356110036,-39.270319848417195,-17.744793677153854,2.1856390467747837,74,28,46,37.83783783783784,68.61840025292445
30,150,239.68840000000026,8.61254347252709,159.97451958806667,23.02613099137654,0.36691945146183913,0.1432731430663208,5.468956238526731,-43.82708318481066,-17.887270861662042,2.2849031317344095,67,27,40,40.298507462686565,69.11792601960164
30,160,250.1376000000002,8.835091088911495,159.97451958806667,21.408676295388837,0.3937995418064171,0.15602544028207926,6.880071322075549,-36.35683240628671,-16.348993956894798,2.4221025533734197,63,27,36,42.857142857142854,69.4846664558963
30,170,252.26240000000013,8.879586404455054,159.97451958806667,20.25315280822181,0.411065129733189,0.17815289806226803,8.121222480743851,-31.062121570753288,-15.603165011457676,2.3434806180825474,62,26,36,41.935483870967744,69.77552956054379
30,180,255.0612000000001,8.937815528290937,159.97451958806667,19.442281008537186,0.42879219261844054,0.19423864258289242,8.996956707537178,-28.349719609779072,-13.805441251811004,2.4797428301906503,56,24,32,42.857142857142854,70.19917799557382
30,190,245.96100000000018,8.746890405916252,159.97451958806667,19.19131399832846,0.4252559614521376,0.18911288882980173,9.144539836932216,-26.89703411938052,-13.295535429967655,2.5124985395310517,55,25,30,45.45454545454545,70.2813784381916
30,200,234.3606000000002,8.49660294370478,159.97451958806667,17.86537428907394,0.43815521068074037,0.22147813379080528,8.778071234059976,-26.698416286558803,-11.9959432181616,2.440497571517609,53,24,29,45.28301886792453,70.41416376857413
30,210,227.2604000000002,8.33938541319319,159.97451958806667,17.65037124560807,0.43884167984547245,0.21864034002257707,8.293654075175358,-27.40172159823233,-12.336681718136406,2.3119815817184244,52,23,29,44.230769230769226,70.65444198545684
30,220,204.61060000000023,7.815690496337191,159.97451958806667,18.790352260129282,0.4022728683760893,0.20155046234335028,6.249005831297291,-32.74290431531301,-13.828782010900323,2.1927600997529497,53,22,31,41.509433962264154,70.81251975972178
30,230,201.18620000000024,7.733371519393906,159.97451958806667,19.013688973543598,0.3985167619380281,0.20654730075181743,5.541794690969049,-36.303438004994085,-14.927245422410367,2.1639809954918685,56,22,34,39.285714285714285,71.0275055327221
30,240,198.88560000000024,7.677575978032447,159.97451958806667,20.81267512015881,0.37734324311736417,0.18003661069278926,4.915445043532015,-40.46136173604539,-15.70497294068624,2.136532006349954,53,20,33,37.735849056603776,71.2677837496048
30,250,199.68500000000023,7.697008769095337,159.97451958806667,20.45139481518837,0.3858338023272178,0.19528994327270133,4.819308540907527,-41.43436725518251,-16.346020015946984,2.113884720726953,50,20,30,40.0,71.5333544103699
30,260,217.9844000000002,8.129127449747365,159.97451958806667,21.39123775492216,0.39029666166905835,0.21093702716435075,5.5720018509085,-39.1213796823234,-14.265591337339822,2.326389370601458,47,18,29,38.297872340425535,71.7926019601644
30,270,210.65960000000018,7.959016132012597,159.97451958806667,22.149698072639783,0.37979447006965933,0.2455157009959721,5.203285546901216,-40.485881103614844,-15.013795599506787,2.2526630885285917,48,20,28,41.66666666666667,72.10875750869428
30,280,224.40880000000018,8.275346512427895,159.97451958806667,22.808800309131087,0.38649680857106045,0.29103645595955285,6.299107569965885,-35.62549099335599,-12.456185875051762,2.3769962287491313,44,18,26,40.909090909090914,72.33006639266519
30,290,224.2344000000002,8.271412968364,159.97451958806667,24.68665639136587,0.3703767663410739,0.22951700522093543,6.287334977069071,-35.664458919052244,-12.547016099785088,2.290415102331139,47,18,29,38.297872340425535,72.39962061334177
30,300,206.38480000000024,7.858001636795198,159.97451958806667,26.383636855844404,0.34842880862346204,0.22414035824042877,5.27495673197836,-39.125401493595966,-15.793511591488564,2.154801845133249,49,18,31,36.734693877551024,72.63989883022447
35,40,210.89940000000053,7.964644192853498,159.97451958806667,13.969421711908034,0.4303676809247683,0.18146912405293833,7.462430878163373,-28.261487904314947,-11.952233362535472,1.633452134730756,122,55,67,45.08196721311475,65.28612077141955
35,50,186.97180000000046,7.382068401020847,159.97451958806667,14.646423837878563,0.39646115632572443,0.1553990130725462,6.66627227627537,-28.04742924548932,-11.97600648764403,1.573378703527087,109,48,61,44.03669724770643,65.6465380967436
35,60,223.0192000000004,8.243949573594023,159.97451958806667,14.742576888579755,0.4392481573487347,0.17285074053346225,7.258949954276499,-30.723341723634846,-13.944362659375567,1.7559588495500227,96,46,50,47.91666666666667,66.29149541574455
35,70,231.11780000000036,8.425188753776558,159.97451958806667,15.62978282680048,0.43105653649360187,0.1725888334908448,6.493538200793327,-35.591967407193245,-15.353826467438159,1.8475471432416712,89,40,49,44.9438202247191,66.46854252292128
35,80,250.9660000000002,8.852468433526294,159.97451958806667,17.08774206638499,0.4254853151839192,0.17213260576393818,7.626252771421869,-32.90816702803953,-14.682867429845755,1.916969076052246,80,34,46,42.5,66.80999051533354
35,90,232.0658000000003,8.446133190720651,159.97451958806667,16.154510321637517,0.4294761867575124,0.16065376450415242,7.230906921369896,-32.093595246560774,-16.054878654050654,1.9179229812013632,79,35,44,44.303797468354425,67.14511539677521
35,100,222.38960000000029,8.229682769841196,159.97451958806667,17.047106348542922,0.4075118144587719,0.1554914075762517,6.586533147381773,-33.764287679688195,-16.465988497440843,1.9696846023104349,73,34,39,46.57534246575342,67.27790072715776
35,110,223.89000000000033,8.263639322895887,159.97451958806667,19.389613849605862,0.37879479811449457,0.1475214788353943,6.3624544645378,-35.18924987956905,-17.679974804827665,1.9639387288184493,75,29,46,38.666666666666664,67.50553272209928
35,120,215.98860000000028,8.08314207515175,159.97451958806667,18.98108330088279,0.3798608851122932,0.13537901417777284,5.877904024575518,-36.74585347037854,-16.710451144664617,2.087323753639707,68,30,38,44.11764705882353,67.75213404995257
35,130,232.58880000000028,8.457664128468245,159.97451958806667,20.071596096662304,0.3863430692752375,0.13745078444381267,5.632622841136247,-41.29316067487328,-17.664330838912992,2.2200304445300043,69,28,41,40.57971014492754,68.39709136895353
35,140,217.33820000000028,8.11426784153797,159.97451958806667,22.310629022262138,0.35597443483263486,0.1441778791667754,5.7497720582603655,-37.79944627331149,-16.40902405679246,2.065816974553373,66,26,40,39.39393939393939,68.90926335757193
35,150,252.61220000000017,8.886887544983546,159.97451958806667,19.868363974243156,0.40999684947977255,0.15414739119880996,8.319612703510769,-30.36345668992513,-13.135286706860889,2.4369850483408926,61,27,34,44.26229508196721,69.18115712930762
35,160,255.1870000000001,8.940422738618814,159.97451958806667,19.833473067288075,0.41587880619208295,0.1803252552464305,8.480931021827516,-30.089503067908584,-13.34204462012166,2.438133442138105,60,26,34,43.333333333333336,69.59848245336705
35,170,249.58600000000013,8.823498902785754,159.97451958806667,19.93375501504488,0.4147890193287674,0.1897819511822356,9.528570290792109,-26.193436411041272,-13.97483113763338,2.470152348370255,55,24,31,43.63636363636363,70.0158077774265
35,180,220.6108000000002,8.189234131261557,159.97451958806667,18.408849300954135,0.4139150070928195,0.17875140277966026,8.749757488625855,-25.213361660226656,-12.912546534762468,2.2928146232092823,54,23,31,42.592592592592595,70.11065444198546
35,190,238.1352000000002,8.57891974072189,159.97451958806667,17.7860958451244,0.4415401179807223,0.19710881758661875,9.80586798155054,-24.284969005094172,-11.308017416914316,2.587627271418134,51,23,28,45.09803921568628,70.30667088207399
35,200,246.70980000000017,8.762776217082525,159.97451958806667,17.537303796932534,0.4551876827249234,0.22312298784748696,9.73555158110567,-25.341121963629025,-10.641909535738767,2.713917121122652,49,24,25,48.97959183673469,70.43313310148594
35,210,218.16040000000024,8.133169756044879,159.97451958806667,18.628566373208727,0.41440456048202484,0.1994749750003589,7.051544095274198,-30.937961537559826,-13.006997027268849,2.326048266706865,52,23,29,44.230769230769226,70.61650331963327
35,220,186.11100000000025,7.360276525500131,159.97451958806667,22.088233882247053,0.3506046332724676,0.16834522830358561,4.717956986856591,-39.4473710799978,-18.30185615933014,2.06292534490203,55,21,34,38.18181818181819,70.84413531457477
35,230,204.98520000000022,7.824643063034653,159.97451958806667,20.929565618421865,0.37929497296746106,0.21244261657346453,5.088715315371232,-40.28230846021422,-17.857193682259126,2.1543987457256013,51,20,31,39.21568627450981,71.00853619981031
35,240,197.73520000000022,7.649525425395232,159.97451958806667,19.59131116300856,0.3924850443790198,0.19430914324115733,4.878107606821138,-40.535227169549074,-16.940175780329497,2.09129361223974,51,18,33,35.294117647058826,71.38792285804615
35,250,203.5846000000002,7.791117452157259,159.97451958806667,22.715198176545144,0.3644226406014642,0.2331876945103164,5.153025471757796,-39.50778064571716,-17.11892083090114,2.138971782021459,48,19,29,39.58333333333333,71.67246285172305
35,260,201.28420000000017,7.735739439765155,159.97451958806667,23.22290237341022,0.36073820159479547,0.2243655589163577,5.489932149881289,-36.664241834819876,-16.51041264819573,2.1512177098978182,46,19,27,41.30434782608695,71.98229528928233
35,270,226.8336000000002,8.329833876813098,159.97451958806667,23.09072187927895,0.38417593438972797,0.2322762505522354,7.0082143525046545,-32.36681822081148,-13.122962351740005,2.41864098314519,43,18,25,41.86046511627907,72.22889661713563
35,280,228.00880000000018,8.3561061648461,159.97451958806667,23.82855679876656,0.3798851638932438,0.24503627343245352,7.1624147626983845,-31.834068195472614,-12.295061473146568,2.3956606422974147,44,18,26,40.909090909090914,72.34903572557698
35,290,214.0588000000002,8.038419146489527,159.97451958806667,22.84444949195326,0.38044128913692526,0.2240539709456906,6.837353784728191,-31.307258149800386,-12.451404207289906,2.252574972936599,44,19,25,43.18181818181818,72.50079038887132
35,300,194.1342000000002,7.56106318936296,159.97451958806667,24.588800001318052,0.3513596230492885,0.2033344697551904,5.184211369608422,-37.44719999999994,-14.127952381682974,2.09808138285236,46,16,30,34.78260869565217,72.59563705343028
40,50,197.27080000000046,7.638173177191221,159.97451958806667,15.474125182265686,0.3961040637640185,0.15169041716336695,5.930583230706515,-33.26330519713479,-14.772631878862127,1.6218859330836173,104,48,56,46.15384615384615,65.91843186847929
40,60,231.51860000000036,8.434050557273597,159.97451958806667,15.146672708864815,0.44157953103593545,0.16802315344929847,7.508227921330819,-30.835318589924228,-13.586666730020006,1.8338817661457518,93,41,52,44.086021505376344,66.51280429971546
40,70,259.71580000000023,9.033713492197126,159.97451958806667,16.881632784060702,0.43401085784158044,0.17247586581120256,7.469807515703992,-34.76874062069099,-13.894554651456215,2.021231836587681,79,35,44,44.303797468354425,66.64558963009802
40,80,235.6900000000003,8.525693009529146,159.97451958806667,16.43704244807232,0.42729308089650814,0.15648270204750037,7.245603399723943,-32.52869181453957,-15.803380429634057,1.9580240048647084,75,34,41,45.33333333333333,67.08820739803983
40,90,212.74000000000032,8.007708453568284,159.97451958806667,17.834426442995667,0.38806479178795666,0.13846650291356805,5.857305792924841,-36.32045304122133,-17.6675186056121,1.862984480558308,75,33,42,44.0,67.25260828327538
40,100,233.68900000000022,8.481865896522734,159.97451958806667,18.693237348776233,0.39335532701232473,0.15838488624761415,6.61294554282836,-35.33811045116384,-16.917325310133457,2.050090365046028,70,29,41,41.42857142857143,67.35377805880493
40,110,215.6888000000003,8.076210976780395,159.97451958806667,19.08419489750185,0.3769717154502772,0.13383797406353107,6.039242997484689,-35.71454238384405,-16.552374845320372,2.0794316799871893,69,29,40,42.028985507246375,67.58141005374644
40,120,206.38880000000032,7.8580967704563465,159.97451958806667,20.590003342693645,0.3588422966374541,0.12496639641548693,4.894435172888922,-42.16805263725254,-18.533276078333234,1.9559816945509798,69,29,40,42.028985507246375,68.11255137527664
40,130,226.4626000000003,8.321521658450258,159.97451958806667,19.27502803982122,0.39446176197208116,0.1375970171855291,6.7229627575323185,-33.68494042991308,-14.706338887487275,2.1709980930003607,63,27,36,42.857142857142854,68.66898514068922
40,140,252.13720000000018,8.876971546001421,159.97451958806667,19.43498948192575,0.4127518350761087,0.14967838322099086,9.747880277238052,-25.865849069644124,-14.08737665597222,2.42758334078821,61,27,34,44.26229508196721,68.92823269048371
40,150,236.56180000000023,8.544711561949692,159.97451958806667,20.837740136645355,0.38649309539127996,0.16195234394329594,8.30266228479799,-28.49228258183405,-13.606885783273693,2.2843134274229455,59,25,34,42.3728813559322,69.32658868163136
40,160,224.43600000000026,8.275959823200152,159.97451958806667,19.759785585384822,0.39497150798372554,0.17058818050640256,9.070564868929058,-24.743332222759236,-13.561560001649168,2.2790664540550285,55,23,32,41.81818181818181,69.7502371166614
40,170,207.61060000000023,7.8871012843898525,159.97451958806667,18.600131250710266,0.39677624293510055,0.17983810883089482,8.684718169792136,-23.905277746620218,-14.273191922514023,2.1537524493758613,53,22,31,41.509433962264154,69.87669933607334
40,180,238.9606000000002,8.596805918747542,159.97451958806667,18.601747802371708,0.42607500723127345,0.1968976872121094,9.52683049663119,-25.082906648176404,-12.22735659311351,2.585205931637835,53,24,29,45.28301886792453,70.10433133101486
40,190,245.43460000000016,8.735703613840107,159.97451958806667,18.71326531569114,0.432467225710936,0.19668126667570637,8.363998230064494,-29.34417168069004,-12.081313383735933,2.822486340704923,48,24,24,50.0,70.2560859943092
40,200,227.91020000000017,8.353905279641193,159.97451958806667,19.910702987350657,0.40435230854335064,0.18747045458387032,6.754271207825867,-33.74312238690253,-14.371570905948,2.4258253651676265,51,23,28,45.09803921568628,70.45210243439772
40,210,196.23540000000023,7.612803194078266,159.97451958806667,21.18572895412236,0.36546613625515983,0.18443903335005932,5.626266869332027,-34.878437969171216,-18.244379855975527,2.0730974548882757,52,18,34,34.61538461538461,70.62282643060385
40,220,197.0098000000002,7.6317857771176945,159.97451958806667,21.248405281925198,0.36847290963890805,0.18032464933667636,5.141586519028841,-38.31692791142841,-18.50297534677771,2.028939440786176,49,18,31,36.734693877551024,70.83781220360417
40,230,191.68500000000023,7.500317242448373,159.97451958806667,24.24715998018721,0.33921940967292985,0.18093927564555187,4.885216936680787,-39.23776620045838,-18.550143281791826,2.0112976644951353,50,18,32,36.0,71.17926019601643
40,240,189.9840000000002,7.457847924863836,159.97451958806667,23.00170563146511,0.3490057744257688,0.1840016851321151,5.458820283085971,-34.80312414546074,-17.691742769592118,2.0411827955810677,45,17,28,37.77777777777778,71.46380018969333
40,250,202.70880000000017,7.770080408985902,159.97451958806667,22.485075225170167,0.3656989736296279,0.2233066470472747,7.121082039673263,-28.46601104588609,-15.437084226570837,2.165695200327554,44,20,24,45.45454545454545,71.74201707239962
40,260,218.20840000000018,8.134271841348252,159.97451958806667,21.869572497355673,0.38873767230891876,0.20291744749187024,7.442488692562385,-29.3192786732838,-14.964945806170835,2.2764800924739714,42,19,23,45.23809523809524,72.07714195384129
40,270,224.15840000000017,8.26969819203196,159.97451958806667,22.34667207661996,0.3913042285207651,0.19795509813297837,8.036609600572511,-27.892159895888387,-13.839606137906888,2.411397290772837,42,18,24,42.857142857142854,72.33006639266519
40,280,210.45860000000022,7.954295578283754,159.97451958806667,22.604575070782122,0.37876446501390704,0.1930000962728659,7.437219498906455,-28.298021865691254,-12.79080130719854,2.2576345365974926,43,17,26,39.53488372093023,72.39329750237117
40,290,185.90860000000018,7.355143722920077,159.97451958806667,23.990858941991984,0.3494365520806823,0.17938203745316816,5.134845492007723,-36.205295814521186,-14.588053577866884,2.0597937744699,43,16,27,37.2093023255814,72.5766677205185
40,300,184.4340000000002,7.3176457241706405,159.97451958806667,24.158117249851266,0.3486754693258131,0.18954174745411945,5.080168795978394,-36.30469919542898,-15.758983032021618,2.069528577939995,45,16,29,35.55555555555556,72.86120771419539
45,50,216.5940000000004,8.097119689506926,159.97451958806667,15.241850175290262,0.423607174830597,0.15883891775955417,7.129071675164299,-30.38179581705618,-14.33446963777766,1.7188296094317306,95,44,51,46.31578947368421,66.29781852671515
45,60,267.0912000000001,9.183323856882385,159.97451958806667,16.686398359182945,0.44053888923387635,0.1778869007271447,7.707591350013067,-34.65300479371513,-13.89415875155887,2.0831344209642686,81,36,45,44.44444444444444,66.45589630098007
45,70,242.44000000000023,8.671759814657264,159.97451958806667,17.41373498407842,0.4148881793752319,0.15671340790069027,6.97297505865942,-34.76851673216944,-15.468247178028308,1.9309691233438089,75,34,41,45.33333333333333,66.89851406892191
45,80,201.58960000000033,7.743114049193456,159.97451958806667,17.888897430228393,0.37648054865849756,0.12653357649020613,5.773866609749802,-34.91414222482978,-18.206827469566754,1.8118242503125044,73,32,41,43.83561643835616,67.10717673095162
45,90,217.2138000000003,8.111403979235842,159.97451958806667,19.632681309169946,0.369389810517728,0.15035002403140416,5.675912801188123,-38.269403989880104,-18.32926108628654,1.9143264847390427,69,29,40,42.028985507246375,67.30319317104015
45,100,209.9890000000003,7.943255745700695,159.97451958806667,19.32657221993258,0.36888716035454655,0.13872789001423325,5.833345263160691,-35.99804066564399,-17.449106117990635,2.0198997725990067,70,29,41,41.42857142857143,67.52450205501107
45,110,215.7382000000003,8.077353481260863,159.97451958806667,19.958433389826475,0.371367704332098,0.1256024653787424,5.354482129079156,-40.2911420375031,-17.44653564740732,2.031289825739534,66,29,37,43.93939393939394,67.9734429339235
45,120,224.11260000000027,8.268664632628852,159.97451958806667,18.928757955588036,0.3940743890966355,0.13323556282685164,7.0820791062470265,-31.645029183917607,-13.993778417416541,2.1150268914837835,63,28,35,44.44444444444444,68.37812203604173
45,130,243.91160000000016,8.703247817098658,159.97451958806667,19.398550292465877,0.4047504069205917,0.14975631094116373,9.882737534212817,-24.6805704548571,-13.643829921408903,2.382963426637819,58,27,31,46.55172413793103,68.7385393613658
45,140,234.7364000000002,8.504837156070245,159.97451958806667,20.686999772808772,0.38466926774177856,0.15179904843612066,8.662873920953635,-27.096827466485824,-14.541581534485006,2.2385942473131903,57,24,33,42.10526315789473,69.04837179892507
45,150,234.03540000000015,8.489470468038117,159.97451958806667,19.142302056009026,0.40736716248487415,0.18570179176924823,10.364439070066425,-22.580614196085023,-12.820529493613947,2.370678476926303,52,23,29,44.230769230769226,69.4783433449257
45,160,223.96020000000024,8.265224471646103,159.97451958806667,18.366494909431587,0.41288408473471255,0.1848804363064979,9.407402757135293,-23.806804681571833,-12.58849417890179,2.350425278665157,51,22,29,43.13725490196079,69.71229845083782
45,170,225.98500000000024,8.310808100163737,159.97451958806667,18.62447216373285,0.4128103830659115,0.1950183613204057,8.980622654328696,-25.16362269057976,-12.692773235523209,2.479253725872164,50,23,27,46.0,69.88302244704394
45,180,231.61020000000016,8.436074457156483,159.97451958806667,19.41953562757317,0.4087670750717804,0.17788067712583522,8.133074448586726,-28.47757037810551,-13.198556277355866,2.5081813280267147,51,22,29,43.13725490196079,70.04110022130888
45,190,241.7848000000002,8.657699808246356,159.97451958806667,19.522509591583017,0.4176578275390168,0.19960325898192025,7.628358425948534,-31.6955216967189,-14.496831265774807,2.64150707698324,49,21,28,42.857142857142854,70.2813784381916
45,200,220.4850000000002,8.186365612408576,159.97451958806667,20.025822201133813,0.39680609995899263,0.20159049117867958,6.780630792344271,-32.51688622376265,-15.898809050114068,2.3244808342694445,50,20,30,40.0,70.5026873221625
45,210,191.31040000000024,7.490984370599918,159.97451958806667,21.7844727477827,0.35747818526186315,0.16966899248691406,5.159242325285291,-37.081103762541595,-18.935504156728346,1.997742814347524,52,18,34,34.61538461538461,70.761934871957
45,220,186.33480000000023,7.365948085464025,159.97451958806667,24.10158982242402,0.33446174020678104,0.18271863928140217,5.3539676271937005,-34.80312414546074,-18.819506544536154,1.9730591799838957,49,18,31,36.734693877551024,71.0464748656339
45,230,205.93360000000018,7.847263119689707,159.97451958806667,21.165791094962376,0.3777824859627199,0.22607983548879065,7.2037364643155,-28.58705354091101,-14.878152896665434,2.228204859056817,43,20,23,46.51162790697674,71.39424596901675
45,240,201.3834000000002,7.738135623760423,159.97451958806667,23.155100471401312,0.3586179288617985,0.1943483292654582,6.138367948371018,-32.807319745868725,-17.149839193589003,2.1440912530593046,42,19,23,45.23809523809524,71.61555485298767
45,250,209.20820000000018,7.924865341679599,159.97451958806667,21.760285901388738,0.38073390259477646,0.1814957073250086,7.4322025081884835,-28.148883156709402,-15.637191272271043,2.2920434979162607,41,18,23,43.90243902439025,71.91274106860575
45,260,204.15840000000017,7.804869680953841,159.97451958806667,21.71527857671613,0.38088516678761886,0.19364137027299064,7.4894162138919045,-27.25958795310542,-14.447320290494336,2.243012868596145,42,16,26,38.095238095238095,72.22889661713563
45,270,185.5836000000002,7.3468947291229325,159.97451958806667,23.689866899923185,0.3490944381800546,0.18496908904242984,6.36331445666771,-29.164612445883296,-14.743082387272235,2.0108336519701564,43,16,27,37.2093023255814,72.35535883654758
45,280,188.43360000000018,7.418935840053287,159.97451958806667,22.485408809511227,0.3626532791677759,0.19502047806505163,6.283616055990525,-29.988083027503855,-14.559975127335958,2.070981353242609,43,17,26,39.53488372093023,72.51343661081252
45,290,181.18360000000018,7.234346124677615,159.97451958806667,25.22370690842183,0.3372670658368897,0.20038780957676075,5.154905854705,-35.147799999999954,-16.603093662071053,2.0283164504660767,43,15,28,34.883720930232556,72.77900727157761
45,300,201.40800000000016,7.73872972494416,159.97451958806667,24.884398594559983,0.3584632605240469,0.22401149001179882,5.999142162703154,-33.57279999999995,-14.859314721160072,2.317940952832153,40,16,24,40.0,73.15839392981347
50,60,267.2648000000002,9.186811467840151,159.97451958806667,16.948345357092172,0.4397075666240689,0.16703796455937253,7.6245440511873275,-35.05321737348748,-14.963514640725398,2.0814211413510115,74,35,39,47.2972972972973,66.69617451786279
50,70,227.5394000000003,8.345622995158397,159.97451958806667,16.647391037997558,0.41670567303934203,0.13769441601842483,6.6713574889710126,-34.106911580763736,-17.007065955209615,1.9539732078471361,72,35,37,48.61111111111111,66.99336073348088
50,80,217.5640000000003,8.119463400469273,159.97451958806667,19.958168825465158,0.36587117150096204,0.13099810854901398,5.712017712853708,-38.088817461195504,-18.330004581039407,1.9140691631270044,70,30,40,42.857142857142854,67.22099272842237
50,90,223.5890000000003,8.256838968814373,159.97451958806667,18.884016463696003,0.382986706494103,0.14279076670351368,6.573051670132346,-34.01601131723622,-15.75806402655292,2.0518518866992532,70,30,40,42.857142857142854,67.33480872589314
50,100,218.71300000000028,8.145848142238176,159.97451958806667,18.92596233442673,0.3829642714086508,0.140744433950892,6.125298432347446,-35.70650514675106,-15.915791854342698,2.052807657168054,65,28,37,43.07692307692308,67.76478027189377
50,110,240.31200000000018,8.626002871176741,159.97451958806667,18.185220707042575,0.4158154515653614,0.1413599210966753,7.972111289747645,-30.144084956396437,-13.270803421012713,2.2294148523087602,60,28,32,46.666666666666664,68.25798292760038
50,120,226.63660000000024,8.325421207440066,159.97451958806667,19.23016368314811,0.391569028927572,0.1410774556196845,9.371213351240725,-24.184338943685894,-14.212889841590137,2.1947496438998013,58,27,31,46.55172413793103,68.51723047739488
50,130,231.88580000000013,8.442160690634326,159.97451958806667,20.447931391407707,0.3825751006830899,0.14812654211277715,8.332608589196086,-27.828716243873398,-14.7127965214381,2.2318363400692722,54,24,30,44.44444444444444,68.77015491621879
50,140,219.06080000000023,8.15381726473936,159.97451958806667,19.211402770453233,0.3923470406278188,0.17201042163877853,9.434260042305542,-23.21971188176685,-13.465567086965299,2.2141794535824433,54,23,31,42.592592592592595,69.32026557066077
50,150,222.4852000000002,8.231850748132242,159.97451958806667,18.579755879783967,0.40639275120982404,0.18141503309489354,9.937651673871754,-22.388106094014358,-13.0624808657477,2.3340888676219986,51,23,28,45.09803921568628,69.5036357888081
50,160,232.75980000000018,8.461430614531885,159.97451958806667,18.29769836729825,0.4218245003508667,0.2002870656148307,9.472670586585771,-24.57171901761377,-11.876966465121576,2.509026548672567,49,24,25,48.97959183673469,69.71229845083782
50,170,233.48440000000016,8.477370823270691,159.97451958806667,17.73274500835758,0.43285882290665717,0.218152539389173,8.763788043730358,-26.641949672326415,-13.056885360398674,2.541710852124534,47,22,25,46.808510638297875,69.81346822636738
50,180,231.55940000000018,8.43495209672447,159.97451958806667,19.703685046263416,0.4046423179528242,0.21749888702242662,7.674354010689187,-30.173145476150015,-15.377221857478935,2.4414390524175733,47,20,27,42.5531914893617,70.02845399936768
50,190,212.35960000000023,7.998827697479016,159.97451958806667,20.448271949197352,0.38318024636500453,0.17721295553735042,6.208271066991671,-34.2059162218416,-17.494700813021986,2.232723781350752,48,16,32,33.33333333333333,70.2624091052798
50,200,198.4600000000002,7.6672101954936345,159.97451958806667,20.811740837423574,0.37127617666651475,0.16376820878331724,5.51251442852089,-36.00171982738024,-17.643689056212565,2.1297421733220094,50,17,33,34.0,70.58488776478026
50,210,197.10920000000021,7.63421898999721,159.97451958806667,22.44677978323336,0.35378108176736905,0.19340281054413952,6.35428410310923,-31.019890958849672,-16.385855071694227,2.122365752302992,46,18,28,39.130434782608695,70.93265886816313
50,220,181.0588000000002,7.231129946516224,159.97451958806667,24.336300928039233,0.3296989182473387,0.18124495452601397,5.790468886244075,-31.268417732133262,-17.738173055341658,1.9611870255348518,44,19,25,43.18181818181818,71.2614606386342
50,230,194.15840000000017,7.561661050024937,159.97451958806667,22.945095769386583,0.3536964836223581,0.1730659858676068,5.978139097015898,-32.47806664400265,-16.81128928448806,2.064637682430921,42,19,23,45.23809523809524,71.48909263357572
50,240,208.05800000000016,7.89769532425848,159.97451958806667,21.55372700567282,0.38138652356451846,0.17681371760868217,7.092450519182157,-29.33513592196223,-16.117050392515004,2.2587041139680846,40,17,23,42.5,71.77363262725261
50,250,209.68320000000017,7.936058302579396,159.97451958806667,21.33056268767495,0.38730673960885925,0.17339075811329444,7.439551584899327,-28.18492453572222,-16.150832328874372,2.321087045001204,41,17,24,41.46341463414634,72.00126462219411
50,260,173.95840000000018,7.045918712878674,159.97451958806667,25.592463155872707,0.3253751702722279,0.15784576141977072,5.760555264883352,-30.198199999999957,-18.101001884926134,1.9584759453163405,42,16,26,38.095238095238095,72.23521972810623
50,270,162.4834000000002,6.736917220360139,159.97451958806667,26.095805774913984,0.3156598471261736,0.1566310164463776,4.385777293118631,-37.04779999999995,-17.92402157946924,1.847504535264486,42,16,26,38.095238095238095,72.40594372431237
50,280,175.9834000000002,7.099192077039529,159.97451958806667,24.811024072845083,0.33586248979094907,0.17617083173576592,5.273258461981027,-33.372799999999955,-16.296552289701026,2.0092538960301622,42,16,26,38.095238095238095,72.77900727157761
50,290,172.68320000000017,7.012182231373765,159.97451958806667,25.266045673209998,0.3326582139854355,0.1976163773167905,5.268609086026478,-32.77586117709784,-16.734185741359866,1.9731635457031251,41,17,24,41.46341463414634,73.11413215301928
50,300,189.00780000000017,7.43336985466676,159.97451958806667,22.963411239790016,0.3668179172404505,0.2105528251527102,7.250875768215067,-26.066892612963333,-14.945250174354314,2.2799284353148166,39,17,22,43.58974358974359,73.46822636737275
55,60,240.46460000000027,8.62929299317532,159.97451958806667,17.076190235939464,0.41848113981062274,0.15519608612704858,7.01815222249276,-34.263235161717574,-16.7074580201052,1.945902165549774,73,34,39,46.57534246575342,66.87954473601012
55,70,231.46400000000025,8.432843923484468,159.97451958806667,17.702476290539735,0.40489196132322247,0.12749508150938696,6.430538813455166,-35.99449544036471,-16.40777232134994,2.002909974505227,70,32,38,45.714285714285715,67.11349984192223
55,80,216.4636000000003,8.094111091569012,159.97451958806667,19.128753502150936,0.3738171042829912,0.14555283635986604,6.286663643788485,-34.43219046940365,-16.790482456091492,1.9797295401240693,68,29,39,42.64705882352941,67.27790072715776
55,90,216.91300000000027,8.104474811884966,159.97451958806667,18.844426939841185,0.3812855854031383,0.1361970093173092,6.373464911956265,-34.033763893966615,-15.83009164847522,2.0332014560170264,65,28,37,43.07692307692308,67.58773316471705
55,100,242.73680000000022,8.678120624154095,159.97451958806667,17.997880971195947,0.4190785386111299,0.14498112869565719,8.379849376284719,-28.966725904042413,-13.359840781969186,2.270581929379546,59,28,31,47.45762711864407,68.12519759721783
55,110,232.46080000000018,8.454843588601491,159.97451958806667,18.558397447401397,0.4040763311639926,0.15081943511713788,9.663302762715404,-24.056040228494126,-13.92762827432297,2.261354375006105,54,27,27,50.0,68.39076825798293
55,120,228.03600000000023,8.35671319703093,159.97451958806667,20.434037943529486,0.3777059099592345,0.14686275336796573,8.250185973900457,-27.6401042014561,-14.89924776612468,2.1606728396569843,55,24,31,43.63636363636363,68.52355358836547
55,130,216.16100000000023,8.087125027154386,159.97451958806667,19.544518012082392,0.38078433742522827,0.1626423591792354,9.096404016799307,-23.763346438965606,-13.76919603826975,2.192325597814816,55,23,32,41.81818181818181,68.87132469174834
55,140,238.9102000000002,8.595714930215316,159.97451958806667,18.17220059059604,0.42316318639068157,0.1938123305690389,9.918836980063768,-24.086513416864754,-12.372687435536374,2.4976855508664775,51,24,27,47.05882352941176,69.2254189061018
55,150,223.26020000000022,8.249403798296218,159.97451958806667,18.210119735639534,0.4114729555702145,0.18286133149413322,9.197028065796571,-24.275254832623286,-13.757794940582531,2.371001556084759,51,24,27,47.05882352941176,69.41511223521974
55,160,243.8842000000001,8.702662684762231,159.97451958806667,16.860838778267865,0.45418998051403436,0.2298532254692119,10.486808600163748,-23.256284089726968,-11.784843457379015,2.707628602076455,46,23,23,50.0,69.56686689851406
55,170,220.6596000000002,8.190346596918484,159.97451958806667,20.38313123712136,0.3839791666843016,0.20457527657651306,7.8279897442623145,-28.18853974121992,-16.00600070988619,2.3309263302652696,48,18,30,37.5,69.7312677837496
55,180,216.70960000000022,8.099785854762898,159.97451958806667,19.738322313428178,0.39138084417582275,0.19039864893608885,7.534809017267771,-28.761127123907144,-16.059959577206424,2.3078920273420014,48,17,31,35.41666666666667,69.95257666772052
55,190,213.43480000000022,8.023903172537139,159.97451958806667,19.80659302558619,0.39272593827014735,0.1744991311440217,6.4969556728517865,-32.85150934488595,-15.254652398042461,2.3175491901541925,49,18,31,36.734693877551024,70.36357888080936
55,200,205.6840000000002,7.841316317538549,159.97451958806667,23.536855980163942,0.349463029459055,0.17531440007530721,6.2774383319014255,-32.76559467812388,-16.481724797476257,2.240221267379222,45,18,27,40.0,70.74296553904522
55,210,181.83420000000018,7.251090989472009,159.97451958806667,23.280221836677566,0.33594143405126653,0.1773082066453594,6.051949070655402,-30.04556017856711,-16.103913471068587,1.9668452530339835,46,19,27,41.30434782608695,71.05912108757508
55,220,205.1838000000002,7.829385247069509,159.97451958806667,22.064059038856257,0.3682721383566802,0.18622687624602216,7.376811470546505,-27.81470026979005,-15.19519863725197,2.1867565557281723,44,17,27,38.63636363636363,71.34998419222256
55,230,210.0082000000002,7.94370742441739,159.97451958806667,21.82252043254421,0.37867883286161846,0.18358405802036956,6.769435580053524,-31.022999999999957,-15.782922408819141,2.300399021147378,41,17,24,41.46341463414634,71.64084729687006
55,240,182.65780000000018,7.27223683657181,159.97451958806667,23.142572159086765,0.346567563420521,0.13723980360889512,6.245095424675721,-29.24819999999996,-17.048227180148224,2.087279874663086,39,15,24,38.46153846153847,71.91906417957635
55,250,195.40780000000018,7.592465322774911,159.97451958806667,23.95094167194451,0.35176961984214533,0.14727415383614587,6.0360977598754655,-32.37319999999996,-16.82276657420506,2.20700181351887,39,15,24,38.46153846153847,72.01391084413531
55,260,166.1840000000002,6.837921196402852,159.97451958806667,26.3170153049872,0.3157645230897857,0.15608875573811526,4.964835900142666,-33.472203984672454,-17.34145923969481,1.8980763535670364,45,17,28,37.77777777777778,72.35535883654758
55,270,172.8082000000002,7.015495706854202,159.97451958806667,24.710811095333295,0.3335766897552934,0.17935973148014767,5.32042134872556,-32.48017190243668,-16.794936543216007,1.9650315519070762,41,16,25,39.02439024390244,72.74739171672464
55,280,188.20760000000016,7.41324739138407,159.97451958806667,22.57705776415491,0.3660628029617964,0.2169618616497102,7.838409881633806,-24.01094135699509,-13.540109793543778,2.219585150433189,38,18,20,47.368421052631575,73.12045526398988
55,290,196.95760000000018,7.630507669077713,159.97451958806667,22.317785579074783,0.3785380058967877,0.20067831183611304,8.505948433971348,-23.155277924491546,-13.266312137564368,2.4828821991736243,38,17,21,44.73684210526316,73.37970281378439
55,300,182.15740000000017,7.259395977322725,159.97451958806667,21.679419107986163,0.3741745302461286,0.19673137860993836,7.2278420114363335,-25.202183405749544,-13.320096385717065,2.3428900857969808,37,16,21,43.24324324324324,73.69585836231425
60,70,217.8388000000003,8.125781782873908,159.97451958806667,20.11122287557483,0.3648379778537299,0.12206340536328074,5.981239532035908,-36.42034378212769,-18.32247975967075,1.9261184353171759,69,29,40,42.028985507246375,67.2020233955106
60,80,193.03860000000032,7.533948249648459,159.97451958806667,20.16027923221913,0.34663306695106516,0.119495149817144,5.0475159253970014,-38.244277552193616,-18.917498469977513,1.8669385225471227,68,28,40,41.17647058823529,67.42333227948151
60,90,258.11220000000014,9.000806109766145,159.97451958806667,17.143557984787904,0.44261293152279046,0.16749854034699635,8.841664220853076,-29.19271684070994,-13.122442156488598,2.359605864623158,61,28,33,45.90163934426229,67.9291811571293
60,100,215.21160000000026,8.06516588478894,159.97451958806667,18.480343067887002,0.39171985841601076,0.14418546772282445,7.66299194038097,-28.084539521165265,-13.432764038551104,2.0461435258775325,58,28,30,48.275862068965516,68.30856781536517
60,110,227.33600000000024,8.341076086304966,159.97451958806667,20.172040133744417,0.3780601933934937,0.1468168497305225,8.56820130340182,-26.532523215781755,-14.915575114485785,2.182693888422985,55,24,31,43.63636363636363,68.34650648118874
60,120,203.41140000000024,7.786961616385346,159.97451958806667,20.17779975393024,0.3613080474943056,0.13719878828816412,7.430756029742948,-27.374253600280944,-14.411174414051859,2.030226383864946,57,24,33,42.10526315789473,68.56149225418906
60,130,227.66020000000023,8.348322174870981,159.97451958806667,18.313216432250815,0.40930536259738115,0.16704446680774512,9.370474616438203,-24.295482280121238,-12.96020402652151,2.311071361932778,51,23,28,45.09803921568628,68.9661713563073
60,140,228.68520000000018,8.371187716322726,159.97451958806667,17.06570070118139,0.43117866147382,0.19294193729269496,11.1059842085512,-20.591169202628702,-11.894485134413001,2.411903729963809,51,23,28,45.09803921568628,69.14321846348403
60,150,253.83400000000006,8.912336473130654,159.97451958806667,15.896775018709583,0.4797747585433898,0.26223359518185535,14.266301194274247,-17.792558599693372,-9.797109044608145,2.843108438389029,45,23,22,51.11111111111111,69.38349668036675
60,160,239.7588000000002,8.614064095951468,159.97451958806667,18.10811879225435,0.42697258973930197,0.2382231096393254,10.733800453275222,-22.336804288814797,-12.390734835976707,2.643365434045033,44,19,25,43.18181818181818,69.4909895668669
60,170,225.9092000000002,8.309106403373967,159.97451958806667,17.943272101994832,0.4212833788948009,0.20185388127675807,9.57821909706389,-23.585720655445275,-13.113750770652183,2.4823983033497306,46,18,28,39.130434782608695,69.7502371166614
60,180,239.05900000000017,8.5989355081046,159.97451958806667,17.678945416523252,0.44227742049377455,0.18486305431745312,10.38454989292966,-23.020641478429788,-12.311186170943106,2.587172701524506,45,17,28,37.77777777777778,70.10433133101486
60,190,215.13380000000018,8.063363677179748,159.97451958806667,23.337544661268446,0.35462451077113566,0.18034202472111266,7.718035827726266,-27.874164463859273,-15.381365906974128,2.3616511429490092,44,18,26,40.909090909090914,70.45842554536831
60,200,201.0342000000002,7.729697404911162,159.97451958806667,24.42703670661701,0.3399092532879732,0.15840838771107738,6.4894117710721835,-30.9788016374842,-16.438013946754644,2.1773998765404627,46,17,29,36.95652173913043,70.761934871957
60,210,205.98380000000017,7.848458604756359,159.97451958806667,21.86468965951921,0.36936091954204187,0.180907489955643,7.072890842289616,-29.122999999999955,-15.867492335784119,2.2239492223151816,44,16,28,36.36363636363637,71.19190641795764
60,220,198.4082000000002,7.66594762993531,159.97451958806667,21.999739435793337,0.3653556373419728,0.15852955297092208,6.919639245009294,-28.67319999999996,-16.356850128142725,2.185446615283504,41,16,25,39.02439024390244,71.44483085678154
60,230,181.7830000000002,7.249774533066566,159.97451958806667,22.835674060482454,0.3467525270142155,0.14630202435146983,6.2579781191261565,-29.048199999999962,-17.317623597637073,2.0663623319501006,40,16,24,40.0,71.75466329434082
60,240,199.03280000000018,7.681157932811211,159.97451958806667,23.230836908423544,0.35877134071467537,0.16716522952931787,7.033018386468147,-28.2997696100082,-16.061312889304777,2.235113133853031,39,16,23,41.02564102564102,71.90009484666456
60,250,175.4586000000002,7.08542080387542,159.97451958806667,25.37001577074962,0.3274965828432934,0.1714275366844157,5.3311171101549295,-32.91216388133352,-16.203527109564327,2.005523373762428,43,17,26,39.53488372093023,72.285804615871
60,260,170.9834000000002,6.966983132267868,159.97451958806667,25.602899986435347,0.32584563000001876,0.155060514907916,5.520401640138199,-30.972999999999956,-17.266839352121803,1.9457318462699156,42,16,26,38.095238095238095,72.65254505216566
60,270,191.30740000000017,7.490909582741123,159.97451958806667,23.281540135589108,0.36203846055035893,0.16603571694498048,7.692958426745254,-24.867858291668778,-14.645432092863114,2.404645650906561,37,18,19,48.64864864864865,73.0509010433133
60,280,201.28220000000016,7.735691122038935,159.97451958806667,21.472596070387038,0.391793297691269,0.1862982650177044,9.112161147983842,-22.089403022085037,-13.02921433723751,2.6090192987476852,36,17,19,47.22222222222222,73.40499525766677
60,290,188.55700000000016,7.422040079789283,159.97451958806667,20.56117944529733,0.39231668850922835,0.18988119941411521,8.775052613568567,-21.487848370098757,-11.63285984751261,2.4998027381221317,35,16,19,45.714285714285715,73.64527347454948
60,300,181.68200000000013,7.247176963024637,159.97451958806667,20.69368535116483,0.3875950408006888,0.2068530945266424,7.865743599971501,-23.09787977333235,-12.302381766811115,2.3435910937042426,35,16,19,45.714285714285715,73.92349035725577
